Category	ID	Name	PValue	QValueFDRBY	QValueFDRBH	QValueBonferroni	TotalGenes	GenesInTerm	GenesInQuery	GenesInTermInQuery	Source	URL	Genes
GeneOntologyMolecularFunction	GO:0030280	structural constituent of skin epidermis	3.39233356390229e-10	9.76193057433478e-07	1.39174479782768e-07	2.11681614387503e-07	19963	44	194	9	 	 	SPRR1A|SPRR1B|SPRR2A|SPRR2E|KRT6C|PKP1|KRT5|KRT6A|KRT6B
GeneOntologyMolecularFunction	GO:0005200	structural constituent of cytoskeleton	4.46072050585793e-10	9.76193057433478e-07	1.39174479782768e-07	2.78348959565535e-07	19963	130	194	13	 	 	SPRR1A|SPRR1B|TTN|TUBA1B|NEFL|KRT5|KRT6A|KRT6B|KRT14|SORBS2|KRT15|KRT16|KRT17
GeneOntologyMolecularFunction	GO:0005198	structural molecule activity	4.29456226949174e-08	6.26553769611604e-05	8.93268952054283e-06	2.67980685616285e-05	19963	892	194	28	 	 	CLDN18|MYH11|SPRR1A|SPRR1B|SPRR2A|SPRR2E|SPRR3|LAMA1|TTN|TUBA1B|NEFL|KRT6C|MUC17|PKP1|DMBT1|KRT5|KRT6A|KRT6B|KRT13|KRT14|SORBS2|KRT15|KRT16|KRT17|OLFM4|CLDN3|CLDN7|MUC6
GeneOntologyMolecularFunction	GO:0005509	calcium ion binding	5.80903531027589e-07	0.000635630492073007	9.0620950840304e-05	0.000362483803361216	19963	777	194	24	 	 	REG4|CDHR2|CDHR5|TTN|LRP1B|RYR3|S100A2|CAPN8|S100A7|S100A8|S100A9|FAT2|VIL1|DSC3|DSG1|DSG3|CALML3|FAT3|ANXA8|CUBN|VWCE|S100A7A|CDH4|CDH17
GeneOntologyMolecularFunction	GO:0050786	RAGE receptor binding	1.08538558996457e-05	0.00950111871990483	0.00135456121627578	0.00677280608137892	19963	15	194	4	 	 	S100A7|S100A8|S100A9|S100A7A
GeneOntologyMolecularFunction	GO:0051015	actin filament binding	2.40679813759597e-05	0.0175569516888552	0.00250307006309981	0.0150184203785989	19963	240	194	11	 	 	MYH11|MYO1A|MYO7B|GJB6|TTN|EPS8L3|VIL1|LIMA1|SYNE1|ANXA8|USH1C
GeneOntologyMolecularFunction	GO:0016936	galactoside binding	0.000140781700372126	0.088025573662674	0.0125496830046009	0.0878477810322065	19963	11	194	3	 	 	LGALS7B|LGALS4|LGALS7
GeneOntologyMolecularFunction	GO:0008092	cytoskeletal protein binding	0.000241289716731771	0.132010818652683	0.0188205979050782	0.150564783240625	19963	1123	194	24	 	 	MYH11|MYO1A|MYO7B|GJB6|LRRK2|JAKMIP2|TTN|S100A8|S100A9|PROM1|TTBK1|NDRG1|PXN|EPS8L3|TBCD|RHCG|VIL1|LIMA1|KIF26B|SYNE1|ANXA8|USH1C|CCDC88C|LYN
GeneOntologyMolecularFunction	GO:0050544	arachidonic acid binding	0.000303960452119499	0.137592211369878	0.0196163292637105	0.189671322122568	19963	14	194	3	 	 	HNF4A|S100A8|S100A9
GeneOntologyMolecularFunction	GO:0001221	transcription coregulator binding	0.000356708333906745	0.137592211369878	0.0196163292637105	0.222586000357809	19963	135	194	7	 	 	GATA4|GATA6|HNF4A|NFE2L2|HNF1B|NR5A2|TP53
GeneOntologyMolecularFunction	GO:0050542	icosanoid binding	0.000377237101225203	0.137592211369878	0.0196163292637105	0.235395951164527	19963	15	194	3	 	 	HNF4A|S100A8|S100A9
GeneOntologyMolecularFunction	GO:0050543	icosatetraenoic acid binding	0.000377237101225203	0.137592211369878	0.0196163292637105	0.235395951164527	19963	15	194	3	 	 	HNF4A|S100A8|S100A9
GeneOntologyMolecularFunction	GO:0038024	cargo receptor activity	0.00041294952029825	0.139031853109225	0.019821576974316	0.257680500666108	19963	99	194	6	 	 	LRP1B|TMPRSS3|DMBT1|LRP12|CUBN|TMPRSS2
GeneOntologyMolecularFunction	GO:0048306	calcium-dependent protein binding	0.000484476365611724	0.151462547675774	0.0215938037244083	0.302313252141716	19963	102	194	6	 	 	S100A2|S100A7|S100A8|S100A9|DMBT1|S100A7A
GeneOntologyMolecularFunction	GO:0030234	enzyme regulator activity	0.000795625603819401	0.232155078907053	0.0330980251188871	0.496470376783306	19963	1369	194	26	 	 	CDKN1A|ERBB4|SPINK1|LRRK2|SERPINB13|PIK3CA|SERPINB3|PPP1R1B|A2ML1|CCNA1|AKT1|EPS8L3|TBCD|DOCK3|VIL1|CALML3|HKDC1|RICTOR|CAV1|CCDC88C|PPP2R2C|SH3PXD2A|SERPINB2|CSTA|PRKAR1B|TP53
GeneOntologyMolecularFunction	GO:0019912	cyclin-dependent protein kinase activating kinase activity	0.000921624485559976	0.237282539019758	0.0338290399405544	0.575093678989425	19963	5	194	2	 	 	CDKN1A|HKDC1
GeneOntologyMolecularFunction	GO:0005298	proline:sodium symporter activity	0.000921624485559976	0.237282539019758	0.0338290399405544	0.575093678989425	19963	5	194	2	 	 	SLC6A15|SLC6A20
GeneOntologyMolecularFunction	GO:0051525	NFAT protein binding	0.00137359233631794	0.319431942828959	0.0455409656222111	0.857121617862393	19963	6	194	2	 	 	GATA4|GATA6
GeneOntologyMolecularFunction	GO:0036041	long-chain fatty acid binding	0.00138666401734297	0.319431942828959	0.0455409656222111	0.865278346822011	19963	23	194	3	 	 	HNF4A|S100A8|S100A9
GeneOntologyBiologicalProcess	GO:0030855	epithelial cell differentiation	1.52923094885084e-25	5.82030847552292e-21	6.51452384210458e-22	6.51452384210458e-22	20720	1051	194	54	 	 	CDKN1A|ERBB4|MYH11|CNFN|CDHR2|ABCA12|SPRR1A|SPRR1B|SPRR2A|SPRR2D|SPRR2E|SPRR3|CFTR|LAMA1|GATA4|GATA6|FOXA3|HNF4A|PTHLH|IRX4|IVL|S100A7|PROM1|KRT6C|GLI2|AKT1|DMBT1|RHCG|VIL1|FOXN1|KRT5|KRT6A|KRT6B|HNF1B|KRT13|KRT14|KRT15|KRT16|KRT17|WNT7B|AGR2|AGR3|REG1A|CLDN3|CAV1|SLC44A4|USH1C|GSDMC|CCDC88C|TGM1|TP63|NR5A2|CSTA|HYDIN
GeneOntologyBiologicalProcess	GO:0008544	epidermis development	9.6751780209581e-23	1.84120392933102e-18	2.06081291846407e-19	4.12162583692815e-19	20720	500	194	37	 	 	CNFN|ABCA12|SPRR1A|SPRR1B|SPRR2A|SPRR2D|SPRR2E|SPRR3|TRPS1|GATA6|PTHLH|IRX4|FABP5|IVL|S100A7|BNC1|GJB5|KRT6C|GLI2|AKT1|FOXE1|FOXN1|KRT5|KRT6A|KRT6B|KRT14|KRT15|KRT16|KRT17|SLC44A4|USH1C|ZNF750|TGM1|KRTDAP|TP63|CSTA|TP53
GeneOntologyBiologicalProcess	GO:0060429	epithelium development	5.34581096574946e-21	6.78211683153028e-17	7.59105157136422e-18	2.27731547140927e-17	20720	1979	194	66	 	 	CDKN1A|SOX15|ERBB4|MYH11|CNFN|CDHR2|ABCA12|SPRR1A|SPRR1B|SPRR2A|SPRR2D|SPRR2E|SPRR3|CFTR|TRPS1|LAMA1|GATA4|GATA6|ZFPM1|FOXA3|HNF4A|TTN|PTHLH|IRX4|RYR3|IVL|S100A7|PROM1|KRT6C|GLI2|PXN|AKT1|DMBT1|FOXE1|RHCG|VIL1|FOXN1|KRT5|KRT6A|KRT6B|HNF1B|KRT13|KRT14|KRT15|KRT16|KRT17|DSC3|KIF26B|WNT7B|AGR2|AGR3|REG1A|CLDN3|CAV1|SLC44A4|USH1C|GSDMC|CCDC88C|TGM1|KMT2D|TP63|RP1L1|NR5A2|CSTA|HYDIN|TP53
GeneOntologyBiologicalProcess	GO:0009913	epidermal cell differentiation	8.48647758030121e-17	8.07496039513848e-13	9.03809862302078e-14	3.61523944920831e-13	20720	331	194	26	 	 	CNFN|ABCA12|SPRR1A|SPRR1B|SPRR2A|SPRR2D|SPRR2E|SPRR3|GATA6|IRX4|IVL|S100A7|KRT6C|GLI2|FOXN1|KRT5|KRT6A|KRT6B|KRT14|KRT16|KRT17|SLC44A4|USH1C|TGM1|TP63|CSTA
GeneOntologyBiologicalProcess	GO:0030216	keratinocyte differentiation	1.61068497652832e-16	1.14911144701557e-12	1.28617133444043e-13	6.86151800001062e-13	20720	195	194	21	 	 	CNFN|ABCA12|SPRR1A|SPRR1B|SPRR2A|SPRR2D|SPRR2E|SPRR3|IVL|S100A7|KRT6C|FOXN1|KRT5|KRT6A|KRT6B|KRT14|KRT16|KRT17|TGM1|TP63|CSTA
GeneOntologyBiologicalProcess	GO:0031424	keratinization	1.81150892174708e-16	1.14911144701557e-12	1.28617133444043e-13	7.71702800664256e-13	20720	89	194	16	 	 	CNFN|ABCA12|SPRR1A|SPRR1B|SPRR2A|SPRR2D|SPRR2E|SPRR3|IVL|KRT6C|KRT5|KRT6A|KRT6B|KRT16|KRT17|TGM1
GeneOntologyBiologicalProcess	GO:0043588	skin development	4.07256149989466e-16	2.21433097585401e-12	2.47844456993589e-13	1.73491119895513e-12	20720	387	194	27	 	 	CNFN|ABCA12|SPRR1A|SPRR1B|SPRR2A|SPRR2D|SPRR2E|SPRR3|TRPS1|GATA6|IVL|S100A7|KRT6C|GLI2|AKT1|FOXE1|FOXN1|KRT5|KRT6A|KRT6B|KRT14|KRT16|KRT17|TGM1|TP63|SLITRK5|CSTA
GeneOntologyBiologicalProcess	GO:0040007	growth	1.34804778902895e-11	6.41339849434704e-08	7.17835447657913e-09	5.7426835812633e-08	20720	1528	194	44	 	 	CDKN1A|SOX15|ERBB4|CDHR2|GATA4|GATA6|HNF4A|TTN|PTHLH|S100A8|S100A9|PIK3CA|GLI2|TMPRSS11D|AKT1|DMBT1|FOXE1|PAPPA2|VIL1|KRT5|KRT6A|KRT6B|LRP12|HNF1B|KRT13|KRT14|SORBS2|KRT15|KRT16|KRT17|KIF26B|WNT7B|AGR2|AGR3|RICTOR|REG1A|CLDN3|CAV1|ZMIZ1|SLC44A4|KMT2D|EIF4G1|CDH4|TP53
GeneOntologyBiologicalProcess	GO:0045109	intermediate filament organization	9.12009631637236e-11	3.85682416436229e-07	4.31684558974958e-08	3.88516103077462e-07	20720	74	194	11	 	 	NEFL|KRT6C|PKP1|KRT5|KRT6A|KRT6B|KRT13|KRT14|KRT15|KRT16|KRT17
GeneOntologyBiologicalProcess	GO:0002065	columnar/cuboidal epithelial cell differentiation	4.23581749273541e-10	1.61216750630522e-06	1.80445825190529e-07	1.80445825190529e-06	20720	193	194	15	 	 	CDKN1A|CFTR|GATA4|GATA6|HNF4A|AKT1|DMBT1|HNF1B|AGR2|AGR3|REG1A|CAV1|GSDMC|TP63|NR5A2
GeneOntologyBiologicalProcess	GO:0045104	intermediate filament cytoskeleton organization	1.60927915333017e-09	5.56815895101242e-06	6.23229926653318e-07	6.85552919318651e-06	20720	96	194	11	 	 	NEFL|KRT6C|PKP1|KRT5|KRT6A|KRT6B|KRT13|KRT14|KRT15|KRT16|KRT17
GeneOntologyBiologicalProcess	GO:0045103	intermediate filament-based process	2.01166883274889e-09	6.38040380470992e-06	7.14142435625856e-07	8.56970922751029e-06	20720	98	194	11	 	 	NEFL|KRT6C|PKP1|KRT5|KRT6A|KRT6B|KRT13|KRT14|KRT15|KRT16|KRT17
GeneOntologyBiologicalProcess	GO:0042246	tissue regeneration	2.50946321326075e-09	7.34700618389529e-06	8.22331791422369e-07	1.06903132884908e-05	20720	255	194	16	 	 	CDKN1A|SOX15|ERBB4|GATA4|DMBT1|KRT5|KRT6A|KRT6B|KRT13|KRT14|KRT15|KRT16|KRT17|AGR3|CLDN3|CAV1
GeneOntologyBiologicalProcess	GO:0032536	regulation of cell projection size	2.90923001549839e-09	7.54299111559914e-06	8.44267888377492e-07	1.23933198660231e-05	20720	15	194	6	 	 	CDHR2|CDHR5|NEFL|VIL1|WNT7B|USH1C
GeneOntologyBiologicalProcess	GO:0007155	cell adhesion	2.97277425485033e-09	7.54299111559914e-06	8.44267888377492e-07	1.26640183256624e-05	20720	1742	194	43	 	 	CLDN18|CDHR2|ABCA12|LAMA1|CDHR5|ITPKB|S100A8|S100A9|FAT2|PIK3CA|PTPRZ1|GLI2|LGALS7B|PXN|PKP1|AKT1|TBCD|VWC2|DSC3|DSG1|DSG3|KIF26B|FAT3|WNT7B|AGR2|OLFM4|MFSD2B|MUC16|AGR3|CLDN3|CLDN7|CAV1|ZMIZ1|LGALS4|LGALS7|LY6D|RADIL|CLCA2|CSTA|LYPD3|LYN|CDH4|CDH17
GeneOntologyBiologicalProcess	GO:0048589	developmental growth	3.28749251635236e-09	7.82019737213438e-06	8.75294882478816e-07	1.40047181196611e-05	20720	1168	194	34	 	 	CDKN1A|SOX15|ERBB4|GATA4|GATA6|TTN|PTHLH|PIK3CA|GLI2|AKT1|DMBT1|FOXE1|VIL1|KRT5|KRT6A|KRT6B|HNF1B|KRT13|KRT14|SORBS2|KRT15|KRT16|KRT17|KIF26B|WNT7B|AGR2|AGR3|REG1A|CLDN3|CAV1|ZMIZ1|KMT2D|CDH4|TP53
GeneOntologyBiologicalProcess	GO:0042060	wound healing	5.04034655013036e-09	1.12845540269159e-05	1.26305154726796e-06	2.14718763035554e-05	20720	575	194	23	 	 	CDKN1A|SPRR3|GATA4|HNF4A|BNC1|S100A8|S100A9|PIK3CA|NFE2L2|VIL1|KRT6A|KRT6B|MFSD2B|MUC16|REG1A|ANXA8|CLDN3|CAV1|TFF1|TSPAN8|SERPINB2|LYN|TP53
GeneOntologyBiologicalProcess	GO:1904970	brush border assembly	3.69861863405474e-08	7.71020941902297e-05	8.62984209498135e-06	0.000157561153810732	20720	5	194	4	 	 	MYO7B|CDHR2|CDHR5|USH1C
GeneOntologyBiologicalProcess	GO:0031099	regeneration	3.84899060574285e-08	7.71020941902297e-05	8.62984209498135e-06	0.000163966999804646	20720	539	194	21	 	 	CDKN1A|SOX15|ERBB4|CFTR|GATA4|HNF4A|NEFL|DMBT1|KRT5|KRT6A|KRT6B|HNF1B|KRT13|KRT14|KRT15|KRT16|KRT17|AGR3|REG1A|CLDN3|CAV1
GeneOntologyBiologicalProcess	GO:0018149	peptide cross-linking	4.5943272125193e-08	8.74308803207458e-05	9.78591696266612e-06	0.000195718339253322	20720	37	194	7	 	 	SPRR1A|SPRR1B|SPRR2E|SPRR3|IVL|TGM1|CSTA
GeneOntologyBiologicalProcess	GO:0009611	response to wounding	6.1726142280637e-08	0.00011187235099705	1.25215888626435e-05	0.000262953366115514	20720	825	194	26	 	 	CDKN1A|SPRR3|GATA4|HNF4A|FABP5|BNC1|S100A8|S100A9|NEFL|PIK3CA|NFE2L2|DMBT1|VIL1|KRT6A|KRT6B|MFSD2B|MUC16|REG1A|ANXA8|CLDN3|CAV1|TFF1|TSPAN8|SERPINB2|LYN|TP53
GeneOntologyBiologicalProcess	GO:0035295	tube development	8.23361891123218e-08	0.000142442965053424	1.5943280255386e-05	0.000350752165618491	20720	1880	194	42	 	 	CDKN1A|CLDN18|SOX15|MYH11|DDAH1|ABCA12|CFTR|LAMA1|GATA4|GATA6|ZFPM1|FOXA3|PTHLH|RYR3|S100A7|PROM1|GJB1|GJB5|PIK3CA|NFE2L2|GLI2|PXN|AKT1|FGFBP1|FOXE1|PAPPA2|FOXN1|HNF1B|KIF26B|WNT7B|AGR2|AGR3|REG1A|CLDN7|CAV1|ZMIZ1|GSDMC|CCDC88C|TP63|EIF4G1|NR5A2|TP53
GeneOntologyBiologicalProcess	GO:0031101	fin regeneration	1.20154947799047e-07	0.000198832213406619	2.22547859836496e-05	0.000511860077623941	20720	114	194	10	 	 	KRT5|KRT6A|KRT6B|KRT13|KRT14|KRT15|KRT16|KRT17|AGR3|CLDN3
GeneOntologyBiologicalProcess	GO:0048565	digestive tract development	1.80735485444454e-07	0.000286619089634182	3.20805486663907e-05	0.000769933167993376	20720	261	194	14	 	 	CDKN1A|CLDN18|MYH11|GATA4|GATA6|GLI2|FOXE1|HNF1B|AGR2|AGR3|REG1A|GSDMC|TP63|NR5A2
GeneOntologyBiologicalProcess	GO:0032530	regulation of microvillus organization	1.9017077803412e-07	0.000289518752421414	3.24051005770141e-05	0.000810127514425352	20720	15	194	5	 	 	CDHR2|CDHR5|HNF4A|VIL1|USH1C
GeneOntologyBiologicalProcess	GO:0019730	antimicrobial humoral response	2.06113743814815e-07	0.000301721687409312	3.3770944178889e-05	0.000878044548651114	20720	187	194	12	 	 	SPRR2A|GATA6|PGLYRP3|PGC|IVL|S100A7|S100A9|DMBT1|KRT6A|KRT6B|REG1A|LGALS4
GeneOntologyBiologicalProcess	GO:0002067	glandular epithelial cell differentiation	2.28079918782281e-07	0.000321511276361603	3.59859427412043e-05	0.000971620454012517	20720	122	194	10	 	 	CFTR|GATA6|HNF4A|AKT1|HNF1B|AGR2|REG1A|CAV1|TP63|NR5A2
GeneOntologyBiologicalProcess	GO:0048729	tissue morphogenesis	2.4293249444163e-07	0.000330217817151133	3.69604437971909e-05	0.00103489242632134	20720	1132	194	30	 	 	SOX15|ERBB4|MYH11|GCNT3|ABCA12|LAMA1|GATA4|GATA6|ZFPM1|FOXA3|TTN|PTHLH|GLI2|PXN|FOXE1|FOXN1|KRT6A|KRT6B|HNF1B|KRT16|KRT17|DSC3|KIF26B|FAT3|WNT7B|CCDC88C|KMT2D|TP63|RP1L1|TP53
GeneOntologyBiologicalProcess	GO:0032532	regulation of microvillus length	2.55115063610948e-07	0.000334819720101608	3.74755231373324e-05	0.00108679017098264	20720	7	194	4	 	 	CDHR2|CDHR5|VIL1|USH1C
GeneOntologyBiologicalProcess	GO:0048871	multicellular organismal homeostasis	3.15864306584301e-07	0.000400730337060226	4.48527315349708e-05	0.00134558194604912	20720	722	194	23	 	 	CLDN18|ERBB4|ABCA12|GJB6|CFTR|PTHLH|FABP5|PROM1|PIGR|PIK3CA|KRT16|G0S2|CLDN3|CAV1|MUC13|CUBN|USH1C|TFF1|TP63|RP1L1|EIF4G1|MUC6|TP53
GeneOntologyBiologicalProcess	GO:0061844	antimicrobial humoral immune response mediated by antimicrobial peptide	4.13261471369319e-07	0.000507383275534552	5.67901247752678e-05	0.0017604938680333	20720	130	194	10	 	 	PGLYRP3|PGC|IVL|S100A7|S100A9|DMBT1|KRT6A|KRT6B|REG1A|LGALS4
GeneOntologyBiologicalProcess	GO:0009887	animal organ morphogenesis	5.8809489589216e-07	0.000699472034772014	7.82901330156439e-05	0.00250528425650061	20720	1729	194	38	 	 	ERBB4|MYH11|GCNT3|ABCA12|GJB6|CFTR|LAMA1|LRRK2|GATA4|GATA6|ZFPM1|TTN|PTHLH|IRX4|PROM1|HOXD8|GLI2|TBCD|FOXE1|PAPPA2|FOXN1|HNF1B|KRT13|KIF26B|FAT3|WNT7B|CLDN7|CAV1|ZMIZ1|SLC44A4|USH1C|TGM1|KMT2D|TP63|NR5A2|PRKAR1B|CDH4|TP53
GeneOntologyBiologicalProcess	GO:0098609	cell-cell adhesion	6.14175584048786e-07	0.00070835592626212	7.9284484486298e-05	0.00261638798804783	20720	1118	194	29	 	 	CLDN18|CDHR2|ABCA12|CDHR5|ITPKB|S100A8|S100A9|FAT2|PIK3CA|GLI2|LGALS7B|PKP1|AKT1|DSC3|DSG1|DSG3|KIF26B|FAT3|WNT7B|MFSD2B|CLDN3|CLDN7|CAV1|ZMIZ1|LGALS7|CSTA|LYN|CDH4|CDH17
GeneOntologyBiologicalProcess	GO:0032528	microvillus organization	8.07338934776059e-07	0.000903753317048954	0.000101154819474883	0.00343926386214601	20720	35	194	6	 	 	MYO1A|CDHR2|CDHR5|HNF4A|VIL1|USH1C
GeneOntologyBiologicalProcess	GO:0007043	cell-cell junction assembly	9.21683778676875e-07	0.00100227482930297	0.0001121820827761	0.00392637289716349	20720	177	194	11	 	 	CLDN18|GJB6|GJB1|PKP1|TBCD|DSC3|DSG1|CLDN3|CLDN7|CAV1|MUC13
GeneOntologyBiologicalProcess	GO:0045927	positive regulation of growth	1.02841601787974e-06	0.00108727463263062	0.000121695895449103	0.00438105223616771	20720	347	194	15	 	 	SOX15|ERBB4|GATA4|GATA6|S100A8|S100A9|AKT1|VIL1|KRT17|AGR2|RICTOR|REG1A|SLC44A4|EIF4G1|CDH4
GeneOntologyBiologicalProcess	GO:0002009	morphogenesis of an epithelium	1.26829798558037e-06	0.00130464544595584	0.000146025659961415	0.00540294941857235	20720	966	194	26	 	 	SOX15|ERBB4|MYH11|ABCA12|LAMA1|GATA4|GATA6|ZFPM1|PTHLH|GLI2|PXN|FOXE1|FOXN1|KRT6A|KRT6B|HNF1B|KRT16|KRT17|DSC3|KIF26B|WNT7B|CCDC88C|KMT2D|TP63|RP1L1|TP53
GeneOntologyBiologicalProcess	GO:0042303	molting cycle	1.45239826891965e-06	0.00141006553484968	0.000157825063471106	0.00618721662559771	20720	149	194	10	 	 	TRPS1|GLI2|AKT1|EPS8L3|FOXE1|FOXN1|KRT14|KRT16|KRT17|TP63
GeneOntologyBiologicalProcess	GO:0042633	hair cycle	1.45239826891965e-06	0.00141006553484968	0.000157825063471106	0.00618721662559771	20720	149	194	10	 	 	TRPS1|GLI2|AKT1|EPS8L3|FOXE1|FOXN1|KRT14|KRT16|KRT17|TP63
GeneOntologyBiologicalProcess	GO:0055123	digestive system development	1.48192547860193e-06	0.00141006553484968	0.000157825063471106	0.00631300253884424	20720	311	194	14	 	 	CDKN1A|CLDN18|MYH11|GATA4|GATA6|GLI2|FOXE1|HNF1B|AGR2|AGR3|REG1A|GSDMC|TP63|NR5A2
GeneOntologyCellularComponent	GO:0001533	cornified envelope	2.23746736766736e-28	6.47604532723526e-25	9.73298304935303e-26	9.73298304935303e-26	20932	69	194	22	 	 	CNFN|SPRR1A|SPRR1B|SPRR2A|SPRR2D|SPRR2E|SPRR3|IVL|S100A9|LGALS7B|PKP1|KRT5|KRT14|KRT16|KRT17|DSC3|DSG1|DSG3|LGALS7|TGM1|SERPINB2|CSTA
GeneOntologyCellularComponent	GO:0005902	microvillus	3.93435725455283e-08	3.94658500273682e-05	5.93140458312189e-06	1.71144540573048e-05	20932	131	194	11	 	 	MYO1A|MYO7B|CDHR2|CFTR|LRRK2|CDHR5|PROM1|MUC17|VIL1|CUBN|USH1C
GeneOntologyCellularComponent	GO:0005903	brush border	4.09062385042889e-08	3.94658500273682e-05	5.93140458312189e-06	1.77942137493657e-05	20932	163	194	12	 	 	MYH11|MYO1A|MYO7B|CDHR2|CDHR5|PROM1|MUC17|VIL1|LIMA1|CUBN|USH1C|SLC6A20
GeneOntologyCellularComponent	GO:0045177	apical part of cell	3.65623937670014e-07	0.000264562204044764	3.97616032216141e-05	0.000159046412886456	20932	569	194	20	 	 	MYO1A|MYO7B|CDHR2|GJB6|CFTR|CDHR5|PROM1|MUC17|RHCG|PAPPA2|SORBS2|DSG1|DYNC2H1|ANO1|CAV1|MUC13|CUBN|SLC44A4|USH1C|SLC6A20
GeneOntologyCellularComponent	GO:0016324	apical plasma membrane	1.64232302074696e-06	0.000887359336386031	0.00013336307797922	0.000714410514024928	20932	464	194	17	 	 	MYO1A|CDHR2|GJB6|CFTR|CDHR5|PROM1|MUC17|RHCG|PAPPA2|SORBS2|DSG1|ANO1|CAV1|MUC13|CUBN|SLC44A4|SLC6A20
GeneOntologyCellularComponent	GO:0098862	cluster of actin-based cell projections	1.83949073074786e-06	0.000887359336386031	0.00013336307797922	0.00080017846787532	20932	232	194	12	 	 	MYH11|MYO1A|MYO7B|CDHR2|CDHR5|PROM1|MUC17|VIL1|LIMA1|CUBN|USH1C|SLC6A20
GeneOntologyCellularComponent	GO:0005911	cell-cell junction	2.64853669518121e-06	0.00109511852148396	0.000164587637486261	0.00115211346240383	20932	590	194	19	 	 	CLDN18|GJB6|LAMA1|GJB1|FAT2|GJB5|NDRG1|PIK3CA|PXN|PKP1|AKT1|TBCD|DSC3|DSG1|DSG3|CLDN3|CLDN7|TGM1|LYN
GeneOntologyCellularComponent	GO:0045095	keratin filament	7.5180639479626e-06	0.00272000184246359	0.000408794727170466	0.00327035781736373	20932	108	194	8	 	 	KRT6C|KRT5|KRT6A|KRT6B|KRT13|KRT14|KRT15|KRT17
GeneOntologyCellularComponent	GO:0045111	intermediate filament cytoskeleton	9.0494653796114e-06	0.00291027201520993	0.000437390826681218	0.00393651744013096	20932	271	194	12	 	 	S100A8|NEFL|KRT6C|PKP1|KRT5|KRT6A|KRT6B|KRT13|KRT14|KRT15|KRT16|KRT17
GeneOntologyCellularComponent	GO:0005882	intermediate filament	1.00696897884595e-05	0.00291453490869219	0.000438031505797987	0.00438031505797987	20932	229	194	11	 	 	NEFL|KRT6C|PKP1|KRT5|KRT6A|KRT6B|KRT13|KRT14|KRT15|KRT16|KRT17
GeneOntologyCellularComponent	GO:0098858	actin-based cell projection	1.6061835973795e-05	0.00422625474222327	0.000635172604418256	0.00698689864860081	20932	287	194	12	 	 	MYO1A|MYO7B|CDHR2|CFTR|LRRK2|CDHR5|PROM1|MUC17|PTPRZ1|VIL1|CUBN|USH1C
GeneOntologyCellularComponent	GO:0070161	anchoring junction	1.89469934291443e-05	0.00456995820494312	0.000686828511806482	0.00824194214167778	20932	1419	194	30	 	 	CLDN18|CDHR2|GJB6|LAMA1|LRRK2|FABP5|S100A7|GJB1|FAT2|GJB5|NDRG1|PIK3CA|PXN|PKP1|AKT1|TBCD|VWC2|LIMA1|SORBS2|DSC3|DSG1|DSG3|CLDN3|CLDN7|CAV1|CCDC88C|TGM1|CLCA2|SH3PXD2A|LYN
GeneOntologyCellularComponent	GO:0099512	supramolecular fiber	3.25662191511178e-05	0.00725065362213827	0.00108971579467202	0.0141663053307363	20932	1172	194	26	 	 	MYH11|MYO1A|GJB6|TTN|RYR3|TUBA1B|NEFL|NDRG1|KRT6C|PKP1|DNAH5|TBCD|KRT5|KRT6A|KRT6B|KRT13|KRT14|SORBS2|KRT15|KRT16|KRT17|DYNC2H1|KIF26B|SYNE1|RADIL|RP1L1
GeneOntologyCellularComponent	GO:0099081	supramolecular polymer	3.70369857896719e-05	0.00765703741088487	0.0011507920584648	0.0161110888185073	20932	1181	194	26	 	 	MYH11|MYO1A|GJB6|TTN|RYR3|TUBA1B|NEFL|NDRG1|KRT6C|PKP1|DNAH5|TBCD|KRT5|KRT6A|KRT6B|KRT13|KRT14|SORBS2|KRT15|KRT16|KRT17|DYNC2H1|KIF26B|SYNE1|RADIL|RP1L1
GeneOntologyCellularComponent	GO:0099513	polymeric cytoskeletal fiber	8.26901630133048e-05	0.0159556962045266	0.00239801472738584	0.0359702209107876	20932	889	194	21	 	 	MYO1A|GJB6|TUBA1B|NEFL|NDRG1|KRT6C|PKP1|DNAH5|TBCD|KRT5|KRT6A|KRT6B|KRT13|KRT14|KRT15|KRT16|KRT17|DYNC2H1|KIF26B|RADIL|RP1L1
GeneOntologyCellularComponent	GO:0098590	plasma membrane region	0.000127146159163066	0.0230004552754191	0.00345678620224586	0.0553085792359338	20932	1498	194	29	 	 	ERBB4|MYO1A|CDHR2|GJB6|CFTR|LRRK2|CDHR5|PROM1|MUC17|PTPRZ1|EPS8L3|RHCG|PAPPA2|LRP12|LIMA1|SORBS2|DSG1|SYNE1|ANO1|REG1A|CLDN3|CLDN7|CAV1|MUC13|CUBN|SLC44A4|CLCA2|SLC6A20|CDH17
GeneOntologyCellularComponent	GO:0030057	desmosome	0.000185023667112932	0.0315015216639607	0.0047344291290662	0.0804852951941255	20932	31	194	4	 	 	PKP1|DSC3|DSG1|DSG3
GeneOntologyCellularComponent	GO:0016328	lateral plasma membrane	0.00022907494958253	0.0368347956033779	0.00553597794824446	0.0996476030684003	20932	93	194	6	 	 	MYO1A|GJB1|TBCD|DSG1|CLDN3|CLDN7
GeneOntologyCellularComponent	GO:0031526	brush border membrane	0.000257228815490944	0.0391849400485587	0.00588918603887161	0.111894534738561	20932	95	194	6	 	 	CDHR2|CDHR5|MUC17|LIMA1|CUBN|SLC6A20
GeneOntologyCellularComponent	GO:0005796	Golgi lumen	0.000565356584697246	0.0818173914278646	0.0122965057171651	0.245930114343302	20932	110	194	6	 	 	MUC17|WNT7B|MUC16|MUC5B|MUC13|MUC6
GeneOntologyCellularComponent	GO:0044214	spanning component of plasma membrane	0.00079553821779465	0.109646537833558	0.016479005940032	0.346059124740673	20932	20	194	3	 	 	ERBB4|CDHR2|CDHR5
GeneOntologyCellularComponent	GO:0031528	microvillus membrane	0.00101204137304492	0.133146193845319	0.0200108180579337	0.440237997274542	20932	48	194	4	 	 	CDHR2|CDHR5|PROM1|CUBN
GeneOntologyCellularComponent	GO:0005922	connexin complex	0.00106012280183415	0.133407888181822	0.020050148643385	0.461153418797854	20932	22	194	3	 	 	GJB6|GJB1|GJB5
GeneOntologyCellularComponent	GO:0099080	supramolecular complex	0.00111617656457379	0.134609226221428	0.0202307002328999	0.485536805589598	20932	1549	194	27	 	 	MYH11|MYO1A|GJB6|TTN|RYR3|TUBA1B|NEFL|NDRG1|KRT6C|PKP1|DNAH5|TBCD|KRT5|KRT6A|KRT6B|KRT13|KRT14|SORBS2|KRT15|KRT16|KRT17|DYNC2H1|KIF26B|SYNE1|RADIL|RP1L1|EIF4G1
GeneOntologyCellularComponent	GO:0089717	spanning component of membrane	0.00194617693684375	0.225317789925305	0.0338634787010813	0.846586967527032	20932	27	194	3	 	 	ERBB4|CDHR2|CDHR5
GeneOntologyCellularComponent	GO:0045178	basal part of cell	0.00205594842296895	0.228871669301801	0.0343975986150574	0.894337563991492	20932	361	194	10	 	 	ERBB4|MYO1A|CFTR|RHCG|KRT14|REG1A|CLDN7|CAV1|CLCA2|CDH17
GeneOntologyCellularComponent	GO:0016459	myosin complex	0.00232664892855148	0.249413675539225	0.0374848994044405	1	20932	60	194	4	 	 	MYH11|MYO1A|MYO7B|TTN
GeneOntologyCellularComponent	GO:0005912	adherens junction	0.00299461221700902	0.302402333878431	0.045448674939712	1	20932	204	194	7	 	 	FAT2|NDRG1|PKP1|TBCD|DSG3|TGM1|LYN
GeneOntologyCellularComponent	GO:0019898	extrinsic component of membrane	0.00302991166264747	0.302402333878431	0.045448674939712	1	20932	381	194	10	 	 	CDHR5|PIK3CA|AKT1|DMBT1|MUC16|CUBN|WDFY3|LYN|CDH4|CDH17
HumanPheno	HP:0000982	Palmoplantar keratoderma	5.86851980742787e-12	1.22493208621066e-07	1.41891977767619e-08	1.84917059132052e-08	5060	149	79	18	 	 	ABCA12|GJB6|TTN|KRT6C|PIK3CA|PKP1|AKT1|KRT5|KRT6A|KRT6B|NIPAL4|KRT14|KRT16|KRT17|DSG1|TGM1|TP63|CSTA
HumanPheno	HP:0000972	Palmoplantar hyperkeratosis	1.4490866110691e-11	1.22493208621066e-07	1.41891977767619e-08	4.56607191147874e-08	5060	157	79	18	 	 	ABCA12|GJB6|TTN|KRT6C|PIK3CA|PKP1|AKT1|KRT5|KRT6A|KRT6B|NIPAL4|KRT14|KRT16|KRT17|DSG1|TGM1|TP63|CSTA
HumanPheno	HP:0007556	Plantar hyperkeratosis	1.801231072899e-11	1.22493208621066e-07	1.41891977767619e-08	5.67567911070475e-08	5060	159	79	18	 	 	ABCA12|GJB6|TTN|KRT6C|PIK3CA|PKP1|AKT1|KRT5|KRT6A|KRT6B|NIPAL4|KRT14|KRT16|KRT17|DSG1|TGM1|TP63|CSTA
HumanPheno	HP:0010765	Palmar hyperkeratosis	1.801231072899e-11	1.22493208621066e-07	1.41891977767619e-08	5.67567911070475e-08	5060	159	79	18	 	 	ABCA12|GJB6|TTN|KRT6C|PIK3CA|PKP1|AKT1|KRT5|KRT6A|KRT6B|NIPAL4|KRT14|KRT16|KRT17|DSG1|TGM1|TP63|CSTA
HumanPheno	HP:0000962	Hyperkeratosis	4.57702612319642e-11	2.45789029697135e-07	2.84713674577651e-08	1.44222093141919e-07	5060	241	79	21	 	 	ABCA12|GJB6|TTN|KRT6C|PIK3CA|PKP1|AKT1|KRT5|KRT6A|KRT6B|NIPAL4|KRT13|KRT14|KRT16|KRT17|DSC3|DSG1|ZNF750|TGM1|TP63|CSTA
HumanPheno	HP:0007446	Palmoplantar blistering	5.42139653273852e-11	2.45789029697135e-07	2.84713674577651e-08	1.70828204746591e-07	5060	11	79	7	 	 	KRT5|KRT6A|KRT6B|KRT14|KRT16|KRT17|DSG1
HumanPheno	HP:0001035	Abnormality of keratinization	9.21660133800145e-11	3.58158559271505e-07	4.14878725943465e-08	2.90415108160426e-07	5060	250	79	21	 	 	ABCA12|GJB6|TTN|KRT6C|PIK3CA|PKP1|AKT1|KRT5|KRT6A|KRT6B|NIPAL4|KRT13|KRT14|KRT16|KRT17|DSC3|DSG1|ZNF750|TGM1|TP63|CSTA
HumanPheno	HP:0100872	Abnormality of the plantar skin of foot	3.06013126852808e-10	1.0405252927387e-06	1.2053092033915e-07	9.64247362713197e-07	5060	188	79	18	 	 	ABCA12|GJB6|TTN|KRT6C|PIK3CA|PKP1|AKT1|KRT5|KRT6A|KRT6B|NIPAL4|KRT14|KRT16|KRT17|DSG1|TGM1|TP63|CSTA
HumanPheno	HP:0001805	Onychogryposis	1.48039032922964e-09	4.47441540689241e-06	5.18301103044732e-07	4.6647099274026e-06	5060	24	79	8	 	 	GJB6|KRT5|KRT6A|KRT6B|KRT14|KRT16|KRT17|TP63
HumanPheno	HP:0011368	Epidermal thickening	2.16241593280253e-09	5.88222732702434e-06	6.81377260426077e-07	6.81377260426078e-06	5060	358	79	23	 	 	ABCA12|GJB6|TTN|KRT6C|PIK3CA|PKP1|AKT1|KRT5|KRT6A|KRT6B|NIPAL4|KRT13|KRT14|KRT16|KRT17|DSC3|DSG1|SYNE1|CAV1|ZNF750|TGM1|TP63|CSTA
HumanPheno	HP:0033800	Blistering by anatomical location	1.13758244065399e-08	2.8131492010864e-05	3.25865660954611e-06	3.58452227050072e-05	5060	20	79	7	 	 	KRT5|KRT6A|KRT6B|KRT14|KRT16|KRT17|DSG1
HumanPheno	HP:0030318	Angular cheilitis	1.67398814352288e-08	3.70422349387782e-05	4.29084684413446e-06	5.27473664024058e-05	5060	7	79	5	 	 	KRT6A|KRT6B|KRT16|KRT17|DSC3
HumanPheno	HP:0001072	Thickened skin	1.77026369323224e-08	3.70422349387782e-05	4.29084684413446e-06	5.57810089737479e-05	5060	399	79	23	 	 	ABCA12|GJB6|TTN|KRT6C|PIK3CA|PKP1|AKT1|KRT5|KRT6A|KRT6B|NIPAL4|KRT13|KRT14|KRT16|KRT17|DSC3|DSG1|SYNE1|CAV1|ZNF750|TGM1|TP63|CSTA
HumanPheno	HP:0008404	Nail dystrophy	4.98053705040175e-08	8.94703177970631e-05	1.03639381208432e-05	0.000156936722458159	5060	126	79	13	 	 	GJB6|PKP1|FOXN1|KRT5|KRT6A|KRT6B|KRT14|KRT16|KRT17|DSG1|TGM1|TP63|CSTA
HumanPheno	HP:0030766	Ear pain	5.35096564945665e-08	8.94703177970631e-05	1.03639381208432e-05	0.000168608927614379	5060	15	79	6	 	 	PIK3CA|AKT1|KRT6A|KRT6B|KRT16|KRT17
HumanPheno	HP:0025248	Eruptive vellus hair cyst	5.5914613790649e-08	8.94703177970631e-05	1.03639381208432e-05	0.000176186948054335	5060	4	79	4	 	 	KRT6A|KRT6B|KRT16|KRT17
HumanPheno	HP:0012035	Steatocystoma multiplex	5.5914613790649e-08	8.94703177970631e-05	1.03639381208432e-05	0.000176186948054335	5060	4	79	4	 	 	KRT6A|KRT6B|KRT16|KRT17
HumanPheno	HP:0007550	Hypohidrosis or hyperhidrosis	1.01833101002497e-07	0.000146818700994838	1.70069802987001e-05	0.000320876101258868	5060	184	79	15	 	 	ABCA12|GJB6|KCTD1|HNF4A|PKP1|KRT5|KRT6A|KRT6B|NIPAL4|KRT14|KRT16|KRT17|DSG1|TGM1|TP63
HumanPheno	HP:0025092	Epidermal acanthosis	1.0254923061736e-07	0.000146818700994838	1.70069802987001e-05	0.000323132625675302	5060	39	79	8	 	 	KRT6C|AKT1|NIPAL4|KRT13|DSC3|DSG1|TGM1|CSTA
HumanPheno	HP:0011356	Regional abnormality of skin	1.43283779522454e-07	0.000194881047314055	2.25743594637627e-05	0.000451487189275254	5060	446	79	23	 	 	ABCA12|GJB6|TTN|KRT6C|PIK3CA|A2ML1|PKP1|AKT1|DOCK3|KRT5|KRT6A|KRT6B|NIPAL4|KRT14|KRT16|KRT17|DSG1|ZMIZ1|TGM1|KMT2D|TP63|CSTA|WDFY3
HumanPheno	HP:0025276	Abnormality of skin adnexa physiology	1.56056329465862e-07	0.000202145773251714	2.34158806736634e-05	0.000491733494146931	5060	190	79	15	 	 	ABCA12|GJB6|KCTD1|HNF4A|PKP1|KRT5|KRT6A|KRT6B|NIPAL4|KRT14|KRT16|KRT17|DSG1|TGM1|TP63
HumanPheno	HP:0000971	Abnormal sweat gland morphology	2.05558677354559e-07	0.000254164976669257	2.9441608742919e-05	0.000647715392344217	5060	194	79	15	 	 	ABCA12|GJB6|KCTD1|HNF4A|PKP1|KRT5|KRT6A|KRT6B|NIPAL4|KRT14|KRT16|KRT17|DSG1|TGM1|TP63
HumanPheno	HP:0001596	Alopecia	2.51595606670591e-07	0.000291650078149211	3.37837557449331e-05	0.000792777756619033	5060	197	79	15	 	 	ABCA12|GJB6|CFTR|PKP1|EPS8L3|FOXN1|KRT5|KRT6A|KRT6B|NIPAL4|KRT14|KRT16|KRT17|TGM1|TP63
HumanPheno	HP:0008066	Abnormal blistering of the skin	2.57318355404123e-07	0.000291650078149211	3.37837557449331e-05	0.000810810137878393	5060	78	79	10	 	 	PKP1|KRT5|KRT6A|KRT6B|KRT14|KRT16|KRT17|DSC3|DSG1|CSTA
HumanPheno	HP:0007490	Linear arrays of macular hyperkeratoses in flexural areas	2.72109723239463e-07	0.000296078330853542	3.42967095171019e-05	0.000857417737927548	5060	5	79	4	 	 	KRT6A|KRT6B|KRT16|KRT17
HumanPheno	HP:0002115	Sparse or absent hair	3.66179638580518e-07	0.000383109935936447	4.43781554295082e-05	0.00115383204116721	5060	396	79	21	 	 	ABCA12|GJB6|CFTR|TRPS1|GATA4|KCTD1|BNC1|PKP1|EPS8L3|FOXN1|KRT5|KRT6A|KRT6B|NIPAL4|KRT14|KRT16|KRT17|DSC3|DSG1|TGM1|TP63
HumanPheno	HP:0100825	Cheilitis	3.89392546385975e-07	0.000392307347253281	4.54435523578596e-05	0.00122697591366221	5060	20	79	6	 	 	PKP1|KRT6A|KRT6B|KRT16|KRT17|DSC3
HumanPheno	HP:0007502	Follicular hyperkeratosis	5.38409138272456e-07	0.000510669328109029	5.9154202723848e-05	0.00169652719469651	5060	21	79	6	 	 	PKP1|KRT6A|KRT6B|KRT16|KRT17|DSC3
HumanPheno	HP:0002164	Nail dysplasia	5.44421415103646e-07	0.000510669328109029	5.9154202723848e-05	0.00171547187899159	5060	209	79	15	 	 	GJB6|TRPS1|KCTD1|PKP1|FOXN1|KRT5|KRT6A|KRT6B|KRT14|KRT16|KRT17|DSG1|TGM1|TP63|CSTA
HumanPheno	HP:0011362	Abnormal hair quantity	6.20317285846131e-07	0.000562464608046166	6.51539922567054e-05	0.00195461976770116	5060	687	79	28	 	 	ABCA12|GJB6|CFTR|TRPS1|GATA4|KCTD1|BNC1|GLI2|A2ML1|PKP1|AKT1|EPS8L3|TBCD|FOXE1|FOXN1|KRT5|KRT6A|KRT6B|NIPAL4|KRT14|KRT16|KRT17|DSC3|DSG1|CAV1|TGM1|KMT2D|TP63
HumanPheno	HP:0011124	Abnormal epidermal morphology	1.04505505351281e-06	0.000917022618345654	0.000106224789471576	0.00329296847361885	5060	70	79	9	 	 	KRT6C|PKP1|AKT1|NIPAL4|KRT13|DSC3|DSG1|TGM1|CSTA
HumanPheno	HP:0008401	Onychogryposis of toenails	1.85976658993262e-06	0.0015330173619969	0.000177579531056899	0.00586012452487768	5060	7	79	4	 	 	KRT6A|KRT6B|KRT16|KRT17
HumanPheno	HP:0001819	Onychogryposis	1.85976658993262e-06	0.0015330173619969	0.000177579531056899	0.00586012452487768	5060	7	79	4	 	 	KRT6A|KRT6B|KRT16|KRT17
HumanPheno	HP:0040211	Abnormal skin morphology of the palm	3.38858225227972e-06	0.00271107596422007	0.000314041843439217	0.0106774226769334	5060	342	79	18	 	 	ABCA12|GJB6|TTN|KRT6C|PIK3CA|PKP1|AKT1|KRT5|KRT6A|KRT6B|NIPAL4|KRT14|KRT16|KRT17|DSG1|TGM1|TP63|CSTA
HumanPheno	HP:0030268	Hyperplastic callus formation	3.67543786279264e-06	0.00285656172238258	0.000330894420161703	0.0115813047056596	5060	8	79	4	 	 	KRT6A|KRT6B|KRT16|KRT17
HumanPheno	HP:0100798	Fingernail dysplasia	4.36357736303176e-06	0.00329718071592583	0.000381934229747585	0.0137496322709131	5060	17	79	5	 	 	KRT6A|KRT6B|KRT16|KRT17|TP63
HumanPheno	HP:0100871	Abnormality of the palm	4.54696264744383e-06	0.00334289114094232	0.000387229170326906	0.0143274793020955	5060	423	79	20	 	 	ABCA12|GJB6|TRPS1|TTN|KRT6C|PIK3CA|PKP1|AKT1|KRT5|KRT6A|KRT6B|NIPAL4|KRT14|KRT16|KRT17|DSG1|DYNC2H1|TGM1|TP63|CSTA
HumanPheno	HP:0001597	Abnormality of the nail	6.50786682329429e-06	0.00455975997171562	0.000528187127936075	0.0205062883602003	5060	395	79	19	 	 	ABCA12|GJB6|TRPS1|KCTD1|PKP1|AKT1|FOXN1|KRT5|KRT6A|KRT6B|NIPAL4|KRT14|KRT16|KRT17|DSC3|DSG1|TGM1|TP63|CSTA
HumanPheno	HP:0040036	Onychogryposis of fingernail	6.53738431910724e-06	0.00455975997171562	0.000528187127936075	0.0205992979895069	5060	9	79	4	 	 	KRT6A|KRT6B|KRT16|KRT17
HumanPheno	HP:0012514	Lower limb pain	7.84191093770401e-06	0.00530860507292123	0.00061493080429805	0.0247098613647053	5060	32	79	6	 	 	KRT5|KRT6A|KRT6B|KRT14|KRT16|KRT17
Pathway	1457790	Keratinization	9.63769029603725e-15	1.14330265467078e-10	1.4485448514944e-11	1.4485448514944e-11	13609	214	163	22	BioSystems: REACTOME	http://www.ncbi.nlm.nih.gov/biosystems/1457790	SPRR1A|SPRR1B|SPRR2A|SPRR2D|SPRR2E|SPRR3|IVL|KRT6C|PKP1|KRT5|KRT6A|KRT6B|KRT13|KRT14|KRT15|KRT16|KRT17|DSC3|DSG1|DSG3|TGM1|CSTA
Pathway	1457791	Formation of the cornified envelope	2.05382789938341e-12	1.2182103893541e-08	1.54345166638663e-09	3.08690333277326e-09	13609	71	163	13	BioSystems: REACTOME	http://www.ncbi.nlm.nih.gov/biosystems/1457791	SPRR1A|SPRR1B|SPRR2A|SPRR2D|SPRR2E|SPRR3|IVL|PKP1|DSC3|DSG1|DSG3|TGM1|CSTA
Pathway	1270302	Developmental Biology	1.23254330588022e-08	4.87381654844892e-05	6.17504196245992e-06	1.85251258873798e-05	13609	1078	163	36	BioSystems: REACTOME	http://www.ncbi.nlm.nih.gov/biosystems/1270302	ERBB4|MYH11|SPRR1A|SPRR1B|SPRR2A|SPRR2D|SPRR2E|SPRR3|LAMA1|FOXA3|HNF4A|HNF4G|IVL|NEFL|KRT6C|PIK3CA|PKP1|AKT1|KRT5|KRT6A|KRT6B|HNF1B|KRT13|KRT14|KRT15|KRT16|KRT17|DSC3|DSG1|DSG3|TGM1|KMT2D|NR5A2|CSTA|LYN|CDH4
Pathway	1457778	Metal sequestration by antimicrobial proteins	2.92057727821053e-07	0.000866157671802913	0.000109740691228761	0.000438962764915043	13609	6	163	4	BioSystems: REACTOME	http://www.ncbi.nlm.nih.gov/biosystems/1457778	S100A7|S100A8|S100A9|S100A7A
Pathway	M5885	Ensemble of genes encoding ECM-associated proteins including ECM-affilaited proteins, ECM regulators and secreted factors	9.29870627310914e-07	0.00201291675575142	0.000255033100038603	0.0013975955528483	13609	751	163	26	MSigDB C2 BIOCARTA (v7.5.1)	http://www.broadinstitute.org/gsea/msigdb/cards/NABA_MATRISOME_ASSOCIATED.html	REG4|S100A2|S100A7|S100A8|S100A9|SERPINB13|MUC17|SERPINB3|A2ML1|FGFBP1|PAPPA2|VWC2|WNT7B|MUC16|REG1A|ANXA8|MUC5B|MUC13|LGALS4|LGALS7|TGM1|S100A7A|SERPINB2|CSTA|CTSE|MUC6
Pathway	1269308	Dectin-2 family	1.01809620773893e-06	0.00201291675575142	0.000255033100038603	0.00153019860023162	13609	29	163	6	BioSystems: REACTOME	http://www.ncbi.nlm.nih.gov/biosystems/1269308	MUC17|MUC16|MUC5B|MUC13|LYN|MUC6
Pathway	1383050	Defective C1GALT1C1 causes Tn polyagglutination syndrome (TNPS)	1.7509594604231e-06	0.00230792572105714	0.000292410229890657	0.00263169206901592	13609	18	163	5	BioSystems: REACTOME	http://www.ncbi.nlm.nih.gov/biosystems/1383050	MUC17|MUC16|MUC5B|MUC13|MUC6
Pathway	1383051	Defective GALNT3 causes familial hyperphosphatemic tumoral calcinosis (HFTC)	1.7509594604231e-06	0.00230792572105714	0.000292410229890657	0.00263169206901592	13609	18	163	5	BioSystems: REACTOME	http://www.ncbi.nlm.nih.gov/biosystems/1383051	MUC17|MUC16|MUC5B|MUC13|MUC6
Pathway	1383052	Defective GALNT12 causes colorectal cancer 1 (CRCS1)	1.7509594604231e-06	0.00230792572105714	0.000292410229890657	0.00263169206901592	13609	18	163	5	BioSystems: REACTOME	http://www.ncbi.nlm.nih.gov/biosystems/1383052	MUC17|MUC16|MUC5B|MUC13|MUC6
Pathway	1270337	Regulation of beta-cell development	2.28160115490447e-06	0.00270662428151978	0.000342924653582142	0.00342924653582142	13609	33	163	6	BioSystems: REACTOME	http://www.ncbi.nlm.nih.gov/biosystems/1270337	FOXA3|HNF4A|HNF4G|AKT1|HNF1B|NR5A2
Pathway	M18312	Maturity onset diabetes of the young	1.0145535333424e-05	0.00983832312610925	0.0012464986636253	0.0152487396061363	13609	25	163	5	MSigDB C2 BIOCARTA (v7.5.1)	http://www.broadinstitute.org/gsea/msigdb/cards/KEGG_MATURITY_ONSET_DIABETES_OF_THE_YOUNG.html	FOXA3|HNF4A|HNF4G|HNF1B|NR5A2
Pathway	M39465	Hair follicle development: cytodifferentiation - part 3 of 3	1.10609006378581e-05	0.00983832312610925	0.0012464986636253	0.0166245336587006	13609	89	163	8	MSigDB C2 BIOCARTA (v7.5.1)	http://www.broadinstitute.org/gsea/msigdb/cards/WP_HAIR_FOLLICLE_DEVELOPMENT_CYTODIFFERENTIATION_PART_3_OF_3.html	GJB6|PROM1|GLI2|FOXE1|FOXN1|KRT15|DSG1|TP63
Pathway	M5889	Ensemble of genes encoding extracellular matrix and extracellular matrix-associated proteins 	1.16103243918023e-05	0.00983832312610925	0.0012464986636253	0.0174503175608788	13609	1026	163	29	MSigDB C2 BIOCARTA (v7.5.1)	http://www.broadinstitute.org/gsea/msigdb/cards/NABA_MATRISOME.html	REG4|LAMA1|S100A2|S100A7|S100A8|S100A9|SERPINB13|MUC17|SERPINB3|A2ML1|DMBT1|FGFBP1|PAPPA2|VWC2|WNT7B|MUC16|REG1A|ANXA8|MUC5B|MUC13|VWCE|LGALS4|LGALS7|TGM1|S100A7A|SERPINB2|CSTA|CTSE|MUC6
Pathway	1268737	Termination of O-glycan biosynthesis	1.24401064234062e-05	0.00983832312610925	0.0012464986636253	0.0186974799543795	13609	26	163	5	BioSystems: REACTOME	http://www.ncbi.nlm.nih.gov/biosystems/1268737	MUC17|MUC16|MUC5B|MUC13|MUC6
Pathway	83096	Maturity onset diabetes of the young	1.24401064234062e-05	0.00983832312610925	0.0012464986636253	0.0186974799543795	13609	26	163	5	BioSystems: KEGG	http://www.ncbi.nlm.nih.gov/biosystems/83096	FOXA3|HNF4A|HNF4G|HNF1B|NR5A2
Pathway	1383070	TP53 regulates transcription of several additional cell death genes whose specific roles in p53-dependent apoptosis remain uncertain	1.80815438875721e-05	0.0134061406910089	0.0016985350289388	0.0271765604630209	13609	14	163	4	BioSystems: REACTOME	http://www.ncbi.nlm.nih.gov/biosystems/1383070	BCL2L14|NDRG1|TP63|TP53
Pathway	M39857	Head and neck squamous cell carcinoma	3.39627835191781e-05	0.0236996864972263	0.00300270962525439	0.0510460636293246	13609	76	163	7	MSigDB C2 BIOCARTA (v7.5.1)	http://www.broadinstitute.org/gsea/msigdb/cards/WP_HEAD_AND_NECK_SQUAMOUS_CELL_CARCINOMA.html	CDKN1A|PIK3CA|NFE2L2|AKT1|RICTOR|TP63|TP53
Pathway	M5880	Genes encoding proteins affiliated structurally or functionally to extracellular matrix proteins	3.77999161471243e-05	0.0249118842273684	0.00315629299828488	0.0568132739691279	13609	170	163	10	MSigDB C2 BIOCARTA (v7.5.1)	http://www.broadinstitute.org/gsea/msigdb/cards/NABA_ECM_AFFILIATED.html	REG4|MUC17|MUC16|REG1A|ANXA8|MUC5B|MUC13|LGALS4|LGALS7|MUC6
Pathway	1270341	Regulation of gene expression in beta cells	0.000101259270248732	0.0632221757710662	0.00801014122020234	0.152192683183845	13609	21	163	4	BioSystems: REACTOME	http://www.ncbi.nlm.nih.gov/biosystems/1270341	FOXA3|HNF4A|HNF4G|AKT1
Pathway	137950	Signaling events mediated by the Hedgehog family	0.000122610900529092	0.0661141847365483	0.00837655379523753	0.184284183495226	13609	22	163	4	BioSystems: Pathway Interaction Database	http://www.ncbi.nlm.nih.gov/biosystems/137950	PTHLH|PIK3CA|GLI2|AKT1
Pathway	M39533	Regulation of apoptosis by parathyroid hormone-related protein	0.000122610900529092	0.0661141847365483	0.00837655379523753	0.184284183495226	13609	22	163	4	MSigDB C2 BIOCARTA (v7.5.1)	http://www.broadinstitute.org/gsea/msigdb/cards/WP_REGULATION_OF_APOPTOSIS_BY_PARATHYROID_HORMONERELATED_PROTEIN.html	BCL2L14|PTHLH|AKT1|BCL2L15
Pathway	M211	Signaling events mediated by the Hedgehog family	0.000122610900529092	0.0661141847365483	0.00837655379523753	0.184284183495226	13609	22	163	4	MSigDB C2 BIOCARTA (v7.5.1)	http://www.broadinstitute.org/gsea/msigdb/cards/PID_HEDGEHOG_2PATHWAY.html	PTHLH|PIK3CA|GLI2|AKT1
Pathway	1268736	O-linked glycosylation of mucins	0.000146949128694977	0.0728153882705001	0.00922558478788551	0.22086454042855	13609	67	163	6	BioSystems: REACTOME	http://www.ncbi.nlm.nih.gov/biosystems/1268736	GCNT3|MUC17|MUC16|MUC5B|MUC13|MUC6
Pathway	1269384	GAB1 signalosome	0.000150982359408651	0.0728153882705001	0.00922558478788551	0.226926486191203	13609	128	163	8	BioSystems: REACTOME	http://www.ncbi.nlm.nih.gov/biosystems/1269384	CDKN1A|ERBB4|PIK3CA|PXN|PIP5K1B|AKT1|RICTOR|TP53
Pathway	M39630	AMP-activated protein kinase (AMPK) signaling	0.00015959095441452	0.0728153882705001	0.00922558478788551	0.239865204485023	13609	68	163	6	MSigDB C2 BIOCARTA (v7.5.1)	http://www.broadinstitute.org/gsea/msigdb/cards/WP_AMPACTIVATED_PROTEIN_KINASE_AMPK_SIGNALING.html	CDKN1A|HNF4A|PIK3CA|CCNA1|AKT1|TP53
Pathway	M39811	Melanoma	0.00015959095441452	0.0728153882705001	0.00922558478788551	0.239865204485023	13609	68	163	6	MSigDB C2 BIOCARTA (v7.5.1)	http://www.broadinstitute.org/gsea/msigdb/cards/WP_MELANOMA.html	CDKN1A|ERBB4|PIK3CA|AKT1|CALML3|TP53
Pathway	173973	Hepatitis C	0.000177231308249441	0.0778690586753415	0.00986587615921889	0.26637865629891	13609	131	163	8	BioSystems: KEGG	http://www.ncbi.nlm.nih.gov/biosystems/173973	CDKN1A|CLDN18|PIK3CA|AKT1|CLDN3|CLDN7|PPP2R2C|TP53
Pathway	P04398	p53 pathway feedback loops 2	0.000192313675357604	0.0814780041438856	0.0103231233593742	0.289047454062478	13609	45	163	5	PantherDB		CDKN1A|PIK3CA|AKT1|TP63|TP53
Pathway	1269302	Role of LAT2/NTAL/LAB on calcium mobilization	0.000241040683526855	0.0986008361693738	0.0124925568048573	0.362284147340863	13609	137	163	8	BioSystems: REACTOME	http://www.ncbi.nlm.nih.gov/biosystems/1269302	CDKN1A|ERBB4|PIK3CA|PIP5K1B|AKT1|RICTOR|LYN|TP53
Pathway	1270290	Apoptotic cleavage of cell adhesion  proteins	0.000259363692887409	0.102559565447376	0.0129941210136592	0.389823630409775	13609	11	163	3	BioSystems: REACTOME	http://www.ncbi.nlm.nih.gov/biosystems/1270290	PKP1|DSG1|DSG3
Pathway	1270117	eNOS activation	0.000342781423249401	0.131172812202434	0.0166193702949629	0.51520047914385	13609	12	163	3	BioSystems: REACTOME	http://www.ncbi.nlm.nih.gov/biosystems/1270117	DDAH1|AKT1|CAV1
Pathway	M39718	Vitamin D receptor pathway	0.000402970999149916	0.149386743261269	0.0189270441163226	0.605665411722324	13609	186	163	9	MSigDB C2 BIOCARTA (v7.5.1)	http://www.broadinstitute.org/gsea/msigdb/cards/WP_VITAMIN_D_RECEPTOR_PATHWAY.html	CDKN1A|SPRR1B|PTHLH|S100A2|S100A8|S100A9|KRT13|KRT16|G0S2
Pathway	1383072	TP53 Regulates Transcription of Genes Involved in G1 Cell Cycle Arrest	0.000441704777717986	0.150794159239107	0.0191053613064629	0.663882280910132	13609	13	163	3	BioSystems: REACTOME	http://www.ncbi.nlm.nih.gov/biosystems/1383072	CDKN1A|CCNA1|TP53
Pathway	M115	Glucocorticoid receptor regulatory network	0.000444901959897673	0.150794159239107	0.0191053613064629	0.668687645726203	13609	82	163	6	MSigDB C2 BIOCARTA (v7.5.1)	http://www.broadinstitute.org/gsea/msigdb/cards/PID_REG_GR_PATHWAY.html	CDKN1A|AKT1|KRT5|KRT14|KRT17|TP53
Pathway	138014	Glucocorticoid receptor regulatory network	0.000444901959897673	0.150794159239107	0.0191053613064629	0.668687645726203	13609	82	163	6	BioSystems: Pathway Interaction Database	http://www.ncbi.nlm.nih.gov/biosystems/138014	CDKN1A|AKT1|KRT5|KRT14|KRT17|TP53
Pathway	1383081	Regulation of TP53 Activity through Association with Co-factors	0.00055723838645289	0.183622869907028	0.0232647026344082	0.837529294838694	13609	14	163	3	BioSystems: REACTOME	http://www.ncbi.nlm.nih.gov/biosystems/1383081	AKT1|TP63|TP53
Pathway	1269178	CD28 co-stimulation	0.000619056867966995	0.198480144605292	0.0251470938528214	0.930442472554393	13609	33	163	4	BioSystems: REACTOME	http://www.ncbi.nlm.nih.gov/biosystems/1269178	PIK3CA|AKT1|RICTOR|LYN
Pathway	P00012	Cadherin signaling pathway	0.00065469367991573	0.204382071913839	0.0258948579187722	0.984004600913342	13609	159	163	8	PantherDB		ERBB4|CDHR2|FAT2|FAT3|WNT7B|LYN|CDH4|CDH17
Pathway	1270232	Cell junction organization	0.000689313641512245	0.209672035740809	0.0265650872613565	1	13609	89	163	6	BioSystems: REACTOME	http://www.ncbi.nlm.nih.gov/biosystems/1270232	CLDN18|PXN|CLDN3|CLDN7|CDH4|CDH17
Pathway	1383049	Diseases associated with O-glycosylation of proteins	0.000744171048424709	0.216008838478097	0.0273679492981526	1	13609	60	163	5	BioSystems: REACTOME	http://www.ncbi.nlm.nih.gov/biosystems/1383049	MUC17|MUC16|MUC5B|MUC13|MUC6
MicroRNA	hsa-miR-520f:mirSVR_lowEffct	hsa-miR-520f:mirSVR_nonconserved_lowEffect-0.1-0.5	3.43930888235321e-13	2.65633192187073e-08	2.77483440628257e-09	2.77483440628257e-09	59110	1787	196	30	MicroRNA.org	http://www.microrna.org/microrna/getTargets.do?matureName=hsa-miR-520f&organism=9606	BCL2L14|MYH11|TRPS1|HNF4A|HNF4G|JAKMIP2|LRP1B|PTHLH|ITPKB|PROM1|HOXD8|PIK3CA|NFE2L2|GLI2|TOX3|CCNA1|ALDH3B2|KRT14|DSC3|DSG1|SYNE1|SLC38A4|SPSB1|FAT3|RICTOR|CAV1|ZMIZ1|CCDC88C|LYPD3|LRRC17
MicroRNA	hsa-miR-499-3p:mirSVR_highEffct	hsa-miR-499-3p:mirSVR_nonconserved_highEffect-0.5	6.13369728661507e-12	2.36866423733066e-07	2.47433348542052e-08	4.94866697084104e-08	59110	1249	196	24	MicroRNA.org	http://www.microrna.org/microrna/getTargets.do?matureName=hsa-miR-499-3p&organism=9606	BCL2L14|SPRR2E|TRPS1|LRRK2|SAMD12|HNF4G|TTN|LRP1B|PTHLH|RYR3|S100A2|NFE2L2|PKP1|DOCK3|KRT6B|DYNC2H1|SYNE1|SLC38A4|ANO1|HKDC1|RICTOR|CUBN|CCDC88C|RADIL
MicroRNA	hsa-miR-124-3p:Functional MTI (Weak)	Functional MTI (Weak)	2.04902474340774e-11	2.77769847915686e-07	2.90161528639655e-08	1.65315316298136e-07	59110	1446	196	25	miRTarbase	 	CDKN1A|TRPS1|LAMA1|GATA6|RYR3|S100A2|PIK3CA|PTPRZ1|CCNA1|PXN|PKP1|ALDH3B2|DNAH5|FGFBP1|KRT14|DYNC2H1|SYNE1|ANO1|HKDC1|ANXA8|CAV1|TGM1|SH3PXD2A|TP63|SERPINB2
MicroRNA	hsa-miR-30e:mirSVR_highEffct	hsa-miR-30e:mirSVR_conserved_highEffect-0.5	2.41664148991081e-11	2.77769847915686e-07	2.90161528639655e-08	1.94974635406004e-07	59110	1982	196	29	MicroRNA.org	http://www.microrna.org/microrna/getTargets.do?matureName=hsa-miR-30e&organism=9606	MYH11|FBXL13|DDAH1|ABCA12|LAMA1|LRRK2|KCTD1|JAKMIP2|BNC1|NEFL|TTBK1|HOXD8|SERPINB3|TMPRSS11D|CCNA1|PIP5K1B|PAPPA2|DSG1|SYNE1|OLFM4|CAV1|ZNF750|CLCA2|TP63|NR5A2|TSPAN8|WDFY3|LYN|LRRC17
MicroRNA	hsa-miR-1303:mirSVR_lowEffct	hsa-miR-1303:mirSVR_nonconserved_lowEffect-0.1-0.5	2.48637391948054e-11	2.77769847915686e-07	2.90161528639655e-08	2.0060064782369e-07	59110	1848	196	28	MicroRNA.org	http://www.microrna.org/microrna/getTargets.do?matureName=hsa-miR-1303&organism=9606	CLDN18|MYH11|DDAH1|REG4|CFTR|GATA6|SAMD12|TTN|PTHLH|CAPN8|TTBK1|SERPINB13|GLI2|PXN|PIP5K1B|DNAH5|NIPAL4|LRP12|BCL2L15|DSC3|AGR2|SLC6A15|RICTOR|ZMIZ1|MUC13|CUBN|TP63|NR5A2
MicroRNA	hsa-miR-4289:mirSVR_lowEffct	hsa-miR-4289:mirSVR_nonconserved_lowEffect-0.1-0.5	2.48823917741934e-11	2.77769847915686e-07	2.90161528639655e-08	2.00751136834192e-07	59110	1715	196	27	MicroRNA.org	http://www.microrna.org/microrna/getTargets.do?matureName=hsa-miR-4289&organism=9606	CDKN1A|GBP6|FBXL13|REG4|ABCA12|CFTR|SAMD12|JAKMIP2|TTN|LRP1B|RYR3|IVL|ADH7|BNC1|HOXD8|PIK3CA|SERPINB3|LRP12|SYNE1|FAT3|G0S2|RICTOR|ANXA8|NCCRP1|LYPD3|TMC5|FAM83A
MicroRNA	hsa-miR-30a:mirSVR_highEffct	hsa-miR-30a:mirSVR_conserved_highEffect-0.5	2.5175145023272e-11	2.77769847915686e-07	2.90161528639655e-08	2.03113070047758e-07	59110	1849	196	28	MicroRNA.org	http://www.microrna.org/microrna/getTargets.do?matureName=hsa-miR-30a&organism=9606	MYH11|FBXL13|DDAH1|ABCA12|LAMA1|LRRK2|GATA6|KCTD1|JAKMIP2|BNC1|NEFL|TTBK1|HOXD8|SERPINB3|CCNA1|PIP5K1B|PAPPA2|SORBS2|SYNE1|OLFM4|ZNF750|CLCA2|TP63|NR5A2|TSPAN8|WDFY3|LYN|LRRC17
MicroRNA	hsa-miR-454:mirSVR_lowEffct	hsa-miR-454:mirSVR_conserved_lowEffect-0.1-0.5	5.76992475666856e-11	5.57046337004343e-07	5.81896911710024e-08	4.65517529368019e-07	59110	1781	196	27	MicroRNA.org	http://www.microrna.org/microrna/getTargets.do?matureName=hsa-miR-454&organism=9606	BCL2L14|MYH11|SPRR2E|GJB6|TRPS1|SAMD12|IRX4|RYR3|BNC1|SERPINB13|HOXD8|PIK3CA|TOX3|PKP1|PIP5K1B|DSC3|SYNE1|RICTOR|CAV1|TGM1|HAS3|LYN|CTSE|HYDIN|TP53|TMEM40|LRRC17
MicroRNA	hsa-miR-30c:mirSVR_highEffct	hsa-miR-30c:mirSVR_conserved_highEffect-0.5	7.73312988819958e-11	6.63626859693142e-07	6.9323213264438e-08	6.23908919379942e-07	59110	1942	196	28	MicroRNA.org	http://www.microrna.org/microrna/getTargets.do?matureName=hsa-miR-30c&organism=9606	MYH11|FBXL13|DDAH1|ABCA12|LAMA1|LRRK2|GATA6|KCTD1|JAKMIP2|BNC1|NEFL|TTBK1|HOXD8|PTPRZ1|SERPINB3|CCNA1|PIP5K1B|DSG1|SYNE1|OLFM4|ZNF750|CLCA2|TP63|NR5A2|TSPAN8|WDFY3|LYN|LRRC17
MicroRNA	hsa-miR-325-3p:TargetScan	hsa-miR-325-3p	1.474102092444e-10	1.13851491046546e-06	1.18930556818381e-07	1.18930556818382e-06	59110	1722	196	26	TargetScan	http://www.targetscan.org/	CDKN1A|ERBB4|CNFN|MYO7B|ABCA12|GJB6|CFTR|JAKMIP2|S100A2|FAT2|NDRG1|PXN|PKP1|AKT1|FOXN1|KRT5|LIMA1|KRT13|KRT17|CLDN3|FAM83C|PPP2R2C|KRTDAP|NR5A2|CSTA|LYPD3
MicroRNA	hsa-miR-130a:mirSVR_lowEffct	hsa-miR-130a:mirSVR_conserved_lowEffect-0.1-0.5	1.64723704600258e-10	1.15657706450469e-06	1.20817349883171e-07	1.32899084871488e-06	59110	1731	196	26	MicroRNA.org	http://www.microrna.org/microrna/getTargets.do?matureName=hsa-miR-130a&organism=9606	BCL2L14|MYH11|GJB6|TRPS1|SAMD12|LRP1B|IRX4|RYR3|BNC1|SERPINB13|HOXD8|PIK3CA|PTPRZ1|TOX3|PKP1|PIP5K1B|NIPAL4|SYNE1|FAT3|RICTOR|TGM1|HAS3|LYN|HYDIN|TP53|TMEM40
MicroRNA	hsa-miR-802:mirSVR_highEffct	hsa-miR-802:mirSVR_nonconserved_highEffect-0.5	3.14655951611451e-10	1.91825354452309e-06	2.00382937519628e-07	2.53864421760119e-06	59110	1924	196	27	MicroRNA.org	http://www.microrna.org/microrna/getTargets.do?matureName=hsa-miR-802&organism=9606	CLDN18|BCL2L14|GBP6|ABCA12|LRRK2|IVL|BNC1|NEFL|SERPINB13|HOXD8|KRT6C|PTPRZ1|TMPRSS11D|PAPPA2|KRT6A|HNF1B|BCL2L15|DSG1|SYNE1|ANO1|SLC6A15|RICTOR|SLC44A4|RP1L1|WDFY3|ST18|HYDIN
MicroRNA	hsa-miR-520g:mirSVR_highEffct	hsa-miR-520g:mirSVR_nonconserved_highEffect-0.5	3.22877812066828e-10	1.91825354452309e-06	2.00382937519628e-07	2.60497818775517e-06	59110	1390	196	23	MicroRNA.org	http://www.microrna.org/microrna/getTargets.do?matureName=hsa-miR-520g&organism=9606	CDKN1A|GBP6|GJB6|TTN|PTHLH|RYR3|FABP5|KRT6C|TOX3|CRCT1|SORBS2|KIF26B|SYNE1|ANO1|SLC6A15|SLC44A4|CLCA2|NR5A2|SLITRK5|LYPD3|WDFY3|CTSE|HYDIN
MicroRNA	hsa-miR-302e:mirSVR_lowEffct	hsa-miR-302e:mirSVR_conserved_lowEffect-0.1-0.5	3.90534997862567e-10	2.13542843281665e-06	2.23069272282836e-07	3.1508363627552e-06	59110	1803	196	26	MicroRNA.org	http://www.microrna.org/microrna/getTargets.do?matureName=hsa-miR-302e&organism=9606	FBXL13|GJB6|CDHR5|HNF4G|IRX4|ITPKB|BNC1|MUC17|TOX3|PKP1|AKT1|HNF1B|LIMA1|KRT14|SORBS2|SYNE1|CAV1|ZMIZ1|MUC13|CUBN|LOC646999|TMPRSS2|WDFY3|HAS3|CDH4|HYDIN
MicroRNA	hsa-miR-301a:mirSVR_lowEffct	hsa-miR-301a:mirSVR_conserved_lowEffect-0.1-0.5	4.18845388374228e-10	2.13542843281665e-06	2.23069272282836e-07	3.37924459340328e-06	59110	1809	196	26	MicroRNA.org	http://www.microrna.org/microrna/getTargets.do?matureName=hsa-miR-301a&organism=9606	BCL2L14|MYH11|SPRR2E|GJB6|TRPS1|SAMD12|LRP1B|IRX4|RYR3|BNC1|SERPINB13|HOXD8|PIK3CA|TOX3|PKP1|PIP5K1B|KRT5|DSC3|SYNE1|FAT3|TGM1|HAS3|LYN|HYDIN|TP53|TMEM40
MicroRNA	hsa-miR-4265:mirSVR_lowEffct	hsa-miR-4265:mirSVR_nonconserved_lowEffect-0.1-0.5	4.42378328771117e-10	2.13542843281665e-06	2.23069272282836e-07	3.56910835652537e-06	59110	1413	196	23	MicroRNA.org	http://www.microrna.org/microrna/getTargets.do?matureName=hsa-miR-4265&organism=9606	CDKN1A|SOX15|GBP6|CNFN|CFTR|HNF4G|RYR3|NEFL|FAT2|TTBK1|PIP5K1B|DMBT1|FGFBP1|KRT6B|NIPAL4|LRP12|SYNE1|FAT3|RICTOR|S100A7A|WDFY3|CTSE|TMEM40
MicroRNA	hsa-miR-556-3p:mirSVR_lowEffct	hsa-miR-556-3p:mirSVR_nonconserved_lowEffect-0.1-0.5	5.15798194591395e-10	2.34337642413197e-06	2.44791754939022e-07	4.16145983396338e-06	59110	1827	196	26	MicroRNA.org	http://www.microrna.org/microrna/getTargets.do?matureName=hsa-miR-556-3p&organism=9606	TRPS1|LRRK2|HNF4A|TTN|LRP1B|ADH7|BNC1|NEFL|GLI2|TOX3|CCNA1|PKP1|FOXE1|LRP12|KRT15|DYNC2H1|SYNE1|ANO1|AGR3|SLC6A15|CLDN7|LOC646999|LGALS4|NR5A2|HYDIN|LRRC17
MicroRNA	hsa-miR-376c:mirSVR_lowEffct	hsa-miR-376c:mirSVR_conserved_lowEffect-0.1-0.5	5.73968349921369e-10	2.46278556760576e-06	2.57265369286978e-07	4.63077664716561e-06	59110	1698	196	25	MicroRNA.org	http://www.microrna.org/microrna/getTargets.do?matureName=hsa-miR-376c&organism=9606	DDAH1|SPRR2A|SPRR2D|CFTR|TRPS1|LRRK2|GATA6|HNF4A|LRP1B|PTHLH|BNC1|PTPRZ1|NFE2L2|A2ML1|KRT5|LRP12|HNF1B|BCL2L15|DSC3|FAT3|GSDMC|SLC6A20|NR5A2|SLITRK5|HYDIN
MicroRNA	hsa-miR-744*:mirSVR_lowEffct	hsa-miR-744*:mirSVR_nonconserved_lowEffect-0.1-0.5	9.28594897039297e-10	3.72482763281567e-06	3.89099712573946e-07	7.49190362931306e-06	59110	1602	196	24	MicroRNA.org	http://www.microrna.org/microrna/getTargets.do?matureName=hsa-miR-744*&organism=9606	FBXL13|LAMA1|GATA6|TTN|PTHLH|ITPKB|FAT2|NFE2L2|TOX3|PIP5K1B|EPS8L3|DNAH5|LRP12|FAT3|AGR2|RICTOR|CAV1|ZMIZ1|MUC13|CUBN|ERN2|ST18|TMEM40|FAM83A
MicroRNA	hsa-miR-130b:mirSVR_lowEffct	hsa-miR-130b:mirSVR_conserved_lowEffect-0.1-0.5	9.64550601323613e-10	3.72482763281567e-06	3.89099712573946e-07	7.78199425147892e-06	59110	1742	196	25	MicroRNA.org	http://www.microrna.org/microrna/getTargets.do?matureName=hsa-miR-130b&organism=9606	BCL2L14|MYH11|GJB6|TRPS1|SAMD12|LRP1B|IRX4|RYR3|BNC1|SERPINB13|PIK3CA|PTPRZ1|TOX3|PIP5K1B|NIPAL4|SYNE1|FAT3|RICTOR|TGM1|HAS3|LYN|CTSE|HYDIN|TP53|TMEM40
MicroRNA	hsa-miR-1909:mirSVR_lowEffct	hsa-miR-1909:mirSVR_nonconserved_lowEffect-0.1-0.5	1.16948659413586e-09	4.20568837932145e-06	4.39330970687776e-07	9.43541784148815e-06	59110	1900	196	26	MicroRNA.org	http://www.microrna.org/microrna/getTargets.do?matureName=hsa-miR-1909&organism=9606	SPRR3|GATA4|PGLYRP3|HNF4G|TTN|PPP1R1B|TBCD|FOXE1|RHCG|PAPPA2|KRT5|KRT6A|KRT6B|HNF1B|KRT16|KRT17|SLC38A4|ZMIZ1|LOC646999|ERN2|SH3PXD2A|EIF4G1|LYPD3|PRKAR1B|ST18|TP53
MicroRNA	hsa-miR-1274b:mirSVR_lowEffct	hsa-miR-1274b:mirSVR_nonconserved_lowEffect-0.1-0.5	1.19797736181595e-09	4.20568837932145e-06	4.39330970687776e-07	9.66528135513109e-06	59110	1111	196	20	MicroRNA.org	http://www.microrna.org/microrna/getTargets.do?matureName=hsa-miR-1274b&organism=9606	BCL2L14|LRRK2|SAMD12|HNF4A|GJB1|PPP1R1B|PKP1|DNAH5|DOCK3|LRP12|SORBS2|DSG3|OLFM4|ANXA8|USH1C|LGALS4|PPP2R2C|TP63|WDFY3|HAS3
MicroRNA	hsa-miR-361-5p:mirSVR_lowEffct	hsa-miR-361-5p:mirSVR_conserved_lowEffect-0.1-0.5	1.73318383040417e-09	5.73695147306852e-06	5.99288447485619e-07	1.39833271437008e-05	59110	1654	196	24	MicroRNA.org	http://www.microrna.org/microrna/getTargets.do?matureName=hsa-miR-361-5p&organism=9606	ERBB4|FBXL13|GATA4|GATA6|HNF4A|HNF4G|JAKMIP2|TTN|LRP1B|NEFL|C9orf152|MUC17|NFE2L2|EPS8L3|SNRNP27|LRP12|SORBS2|BCL2L15|ANO1|CAV1|S100A7A|SLC6A20|CSTA|LRRC17
MicroRNA	hsa-miR-877:mirSVR_lowEffct	hsa-miR-877:mirSVR_nonconserved_lowEffect-0.1-0.5	1.90595367694347e-09	5.73695147306852e-06	5.99288447485619e-07	1.53772342655799e-05	59110	1526	196	23	MicroRNA.org	http://www.microrna.org/microrna/getTargets.do?matureName=hsa-miR-877&organism=9606	MYH11|TRPS1|LRRK2|GATA4|LRP1B|NEFL|GJB1|SERPINB13|PIGR|GLI2|PXN|LRP12|SORBS2|BCL2L15|DSC3|DSG1|FAT3|ANO1|SLC6A15|MUC13|CLCA2|HYDIN|LRRC17
MicroRNA	hsa-miR-301b:mirSVR_lowEffct	hsa-miR-301b:mirSVR_conserved_lowEffect-0.1-0.5	1.9287445739252e-09	5.73695147306852e-06	5.99288447485619e-07	1.55611112224285e-05	59110	1803	196	25	MicroRNA.org	http://www.microrna.org/microrna/getTargets.do?matureName=hsa-miR-301b&organism=9606	BCL2L14|MYH11|GJB6|TRPS1|SAMD12|LRP1B|IRX4|RYR3|BNC1|SERPINB13|HOXD8|PIK3CA|TOX3|PKP1|PIP5K1B|KRT5|SYNE1|FAT3|CAV1|TGM1|HAS3|LYN|HYDIN|TP53|TMEM40
MicroRNA	hsa-miR-522:mirSVR_highEffct	hsa-miR-522:mirSVR_nonconserved_highEffect-0.5	2.01806530161124e-09	5.73695147306852e-06	5.99288447485619e-07	1.62817508533995e-05	59110	1667	196	24	MicroRNA.org	http://www.microrna.org/microrna/getTargets.do?matureName=hsa-miR-522&organism=9606	LRRK2|GATA6|SAMD12|TTN|LRP1B|C9orf152|GJB5|NDRG1|PIGR|A2ML1|TOX3|DOCK3|SNRNP27|DSG1|SYNE1|SLC38A4|G0S2|ANO1|SLC6A15|LOC646999|TP63|SLITRK5|WDFY3|TMEM40
MicroRNA	hsa-miR-625:mirSVR_lowEffct	hsa-miR-625:mirSVR_nonconserved_lowEffect-0.1-0.5	2.18143831389557e-09	5.73695147306852e-06	5.99288447485619e-07	1.75998443165095e-05	59110	1537	196	23	MicroRNA.org	http://www.microrna.org/microrna/getTargets.do?matureName=hsa-miR-625&organism=9606	MYH11|DDAH1|SPRR1B|TRPS1|HNF4A|PTHLH|PROM1|GJB5|ALDH3B2|FGFBP1|KRT5|KRT15|SPSB1|OLFM4|ANO1|MUC16|ZMIZ1|LOC646999|ERN2|LY6D|ZNF750|S100A7A|LYPD3
MicroRNA	hsa-miR-3120:mirSVR_highEffct	hsa-miR-3120:mirSVR_nonconserved_highEffect-0.5	2.27279556999587e-09	5.73695147306852e-06	5.99288447485619e-07	1.83369146587267e-05	59110	1962	196	26	MicroRNA.org	http://www.microrna.org/microrna/getTargets.do?matureName=hsa-miR-3120&organism=9606	SPRR3|HNF4G|TTN|LRP1B|NEFL|GJB1|GLI2|TOX3|PIP5K1B|DNAH5|DOCK3|PAPPA2|KRT6A|LIMA1|DSC3|KIF26B|SYNE1|SPSB1|OLFM4|HKDC1|RICTOR|CAV1|MUC13|VWCE|KMT2D|WDFY3
MicroRNA	hsa-miR-30a-5p		2.32102043850704e-09	5.73695147306852e-06	5.99288447485619e-07	1.87259928978748e-05	59110	1280	196	21	MirDB	http://www.mirdb.org/cgi-bin/mature_mir.cgi?name=hsa-miR-30a-5p	MYH11|DDAH1|TRPS1|LRRK2|GATA6|JAKMIP2|TTN|IRX4|BNC1|NEFL|TTBK1|GLI2|CCNA1|SORBS2|BCL2L15|SLC6A15|SH3PXD2A|NR5A2|WDFY3|LYN|LRRC17
MicroRNA	hsa-miR-30d-5p		2.32102043850704e-09	5.73695147306852e-06	5.99288447485619e-07	1.87259928978748e-05	59110	1280	196	21	MirDB	http://www.mirdb.org/cgi-bin/mature_mir.cgi?name=hsa-miR-30d-5p	MYH11|DDAH1|TRPS1|LRRK2|GATA6|JAKMIP2|TTN|IRX4|BNC1|NEFL|TTBK1|GLI2|CCNA1|SORBS2|BCL2L15|SLC6A15|SH3PXD2A|NR5A2|WDFY3|LYN|LRRC17
MicroRNA	hsa-miR-30b-5p		2.41805499802142e-09	5.73695147306852e-06	5.99288447485619e-07	1.95088677240368e-05	59110	1283	196	21	MirDB	http://www.mirdb.org/cgi-bin/mature_mir.cgi?name=hsa-miR-30b-5p	MYH11|DDAH1|TRPS1|LRRK2|GATA6|JAKMIP2|TTN|IRX4|BNC1|NEFL|TTBK1|GLI2|CCNA1|SORBS2|BCL2L15|SLC6A15|SH3PXD2A|NR5A2|WDFY3|LYN|LRRC17
MicroRNA	hsa-miR-30c-5p		2.41805499802142e-09	5.73695147306852e-06	5.99288447485619e-07	1.95088677240368e-05	59110	1283	196	21	MirDB	http://www.mirdb.org/cgi-bin/mature_mir.cgi?name=hsa-miR-30c-5p	MYH11|DDAH1|TRPS1|LRRK2|GATA6|JAKMIP2|TTN|IRX4|BNC1|NEFL|TTBK1|GLI2|CCNA1|SORBS2|BCL2L15|SLC6A15|SH3PXD2A|NR5A2|WDFY3|LYN|LRRC17
MicroRNA	hsa-miR-30e-5p		2.45122939601207e-09	5.73695147306852e-06	5.99288447485619e-07	1.97765187670254e-05	59110	1284	196	21	MirDB	http://www.mirdb.org/cgi-bin/mature_mir.cgi?name=hsa-miR-30e-5p	MYH11|DDAH1|TRPS1|LRRK2|GATA6|JAKMIP2|TTN|IRX4|BNC1|NEFL|TTBK1|GLI2|CCNA1|SORBS2|BCL2L15|SLC6A15|SH3PXD2A|NR5A2|WDFY3|LYN|LRRC17
MicroRNA	hsa-miR-19b:mirSVR_lowEffct	hsa-miR-19b:mirSVR_conserved_lowEffect-0.1-0.5	3.01020664705386e-09	6.83799144940729e-06	7.14304330247956e-07	2.42863472284305e-05	59110	1989	196	26	MicroRNA.org	http://www.microrna.org/microrna/getTargets.do?matureName=hsa-miR-19b&organism=9606	BCL2L14|SPRR1A|GJB6|TRPS1|GATA6|SAMD12|TTN|LRP1B|SERPINB13|HOXD8|PIK3CA|PTPRZ1|GLI2|PIP5K1B|DOCK3|PAPPA2|KRT15|SLC38A4|FAT3|CAV1|PPP2R2C|TP63|SLC6A20|SLITRK5|TMPRSS2|TP53
MicroRNA	hsa-miR-448:mirSVR_lowEffct	hsa-miR-448:mirSVR_conserved_lowEffect-0.1-0.5	3.15596417468648e-09	6.96426326855043e-06	7.27494827467728e-07	2.54623189613705e-05	59110	1848	196	25	MicroRNA.org	http://www.microrna.org/microrna/getTargets.do?matureName=hsa-miR-448&organism=9606	DDAH1|SPRR2A|SPRR2D|TRPS1|LRRK2|KCTD1|JAKMIP2|LRP1B|PTHLH|RYR3|NFE2L2|SERPINB3|GLI2|VWC2|LRP12|LIMA1|FAT3|ANXA8|KMT2D|SLC6A20|TSPAN8|SERPINB2|TMPRSS2|CTSE|HYDIN
MicroRNA	hsa-miR-558:mirSVR_lowEffct	hsa-miR-558:mirSVR_nonconserved_lowEffect-0.1-0.5	4.16059370413372e-09	8.78708224453173e-06	9.17908561885961e-07	3.35676700049509e-05	59110	1591	196	23	MicroRNA.org	http://www.microrna.org/microrna/getTargets.do?matureName=hsa-miR-558&organism=9606	CDKN1A|SOX15|BCL2L14|SPRR2A|SPRR2D|SPRR2E|PTHLH|FABP5|GJB5|CCNA1|PXN|ALDH3B2|LRP12|HNF1B|DSG1|DSG3|SYNE1|CAV1|ERN2|TP63|NR5A2|TSPAN8|FAM83A
MicroRNA	hsa-miR-500b:mirSVR_lowEffct	hsa-miR-500b:mirSVR_nonconserved_lowEffect-0.1-0.5	4.2095459580789e-09	8.78708224453173e-06	9.17908561885961e-07	3.39626167897806e-05	59110	1592	196	23	MicroRNA.org	http://www.microrna.org/microrna/getTargets.do?matureName=hsa-miR-500b&organism=9606	DDAH1|TRPS1|LRRK2|SAMD12|HNF4G|LRP1B|PROM1|GJB1|PTPRZ1|NFE2L2|GLI2|PXN|PAPPA2|SNRNP27|DSG1|KIF26B|FAT3|RICTOR|USH1C|TP63|TMPRSS2|TP53|CDH17
MicroRNA	hsa-miR-4729		4.35964446919133e-09	8.86091636097945e-06	9.25621357300937e-07	3.51736115774357e-05	59110	1595	196	23	MirDB	http://www.mirdb.org/cgi-bin/mature_mir.cgi?name=hsa-miR-4729	CDKN1A|ERBB4|MYH11|HNF4A|HNF4G|LRP1B|SERPINB13|HOXD8|SERPINB3|TOX3|DOCK3|VWC2|SORBS2|DSC3|SLC38A4|FAT3|OLFM4|AGR3|SLC6A15|LY6D|TP63|NR5A2|ST18
MicroRNA	hsa-miR-30d:mirSVR_highEffct	hsa-miR-30d:mirSVR_conserved_highEffect-0.5	6.13462268167794e-09	1.20324131861947e-05	1.25691950711294e-06	4.94941357957776e-05	59110	1766	196	24	MicroRNA.org	http://www.microrna.org/microrna/getTargets.do?matureName=hsa-miR-30d&organism=9606	MYH11|FBXL13|DDAH1|ABCA12|LAMA1|LRRK2|KCTD1|JAKMIP2|BNC1|NEFL|TTBK1|HOXD8|SERPINB3|CCNA1|PIP5K1B|SYNE1|ZNF750|CLCA2|TP63|NR5A2|TSPAN8|WDFY3|LYN|LRRC17
MicroRNA	hsa-miR-224*:mirSVR_highEffct	hsa-miR-224*:mirSVR_nonconserved_highEffect-0.5	6.23162869168537e-09	1.20324131861947e-05	1.25691950711294e-06	5.02767802845176e-05	59110	1626	196	23	MicroRNA.org	http://www.microrna.org/microrna/getTargets.do?matureName=hsa-miR-224*&organism=9606	BCL2L14|LRRK2|GATA6|SAMD12|TTN|LRP1B|C9orf152|PIGR|A2ML1|DOCK3|SNRNP27|DSG1|SYNE1|SLC38A4|G0S2|ANO1|SLC6A15|TP63|TSPAN8|SLITRK5|WDFY3|TMEM40|LRRC17
Drug	ctd:D004054	Diethylstilbestrol	1.76255003734189e-20	3.71864783318138e-15	3.54607442012815e-16	3.54607442012815e-16	22767	1304	195	51	CTD	http://ctd.mdibl.org/detail.go?view=ixn&type=chem&acc=D004054	CDKN1A|DDAH1|GCNT3|SPRR1A|SPRR1B|SPRR2A|SPRR2D|SPRR2E|SPRR3|CFTR|GATA4|FABP5|S100A8|PROM1|NEFL|HOXD8|PIGR|NFE2L2|AKT1|FGFBP1|FOXE1|KRT6A|KRT6B|HNF1B|KRT13|KRT14|KRT15|KRT16|KRT17|SLC38A4|SPSB1|WNT7B|G0S2|AGR2|ANO1|CLDN3|CLDN7|CAV1|SLC44A4|TFF1|LY6D|PPP2R2C|KMT2D|TP63|SLC6A20|NR5A2|TSPAN8|SERPINB2|CSTA|LYN|TP53
Drug	ctd:C103303	alitretinoin	1.61506785985806e-14	1.70374414066551e-09	1.62467751362421e-10	3.24935502724842e-10	22767	300	195	22	CTD	http://ctd.mdibl.org/detail.go?view=ixn&type=chem&acc=C103303	CDKN1A|SPINK1|SPRR1B|GATA6|HNF4A|PTHLH|FABP5|IVL|S100A7|S100A8|S100A9|NEFL|NFE2L2|AKT1|KRT5|KRT6A|KRT14|KRT15|KRT17|TGM1|NR5A2|SERPINB2
Drug	ctd:D012906	Smoke	3.1022358105606e-14	2.18171063337234e-09	2.08046274242229e-10	6.24138822726687e-10	22767	937	195	36	CTD	http://ctd.mdibl.org/detail.go?view=ixn&type=chem&acc=D012906	CDKN1A|SOX15|SPRR1B|LAMA1|GATA6|SAMD12|GPR87|KCTD1|FABP5|ADH7|S100A9|PROM1|SERPINB13|NFE2L2|TMPRSS3|AKT1|KRT5|KRT6A|KRT13|KRT15|DSG3|PRR15L|ANXA8|CLDN7|MUC13|LGALS7|TGM1|SH3PXD2A|TP63|NR5A2|TSPAN8|SLITRK5|CSTA|TMC5|TP53|FAM83A
Drug	ctd:C002202	4-oxoretinoic acid	6.44475540554006e-14	3.39930430575725e-09	3.24155085010151e-10	1.2966203400406e-09	22767	115	195	15	CTD	http://ctd.mdibl.org/detail.go?view=ixn&type=chem&acc=C002202	SPRR1B|GATA6|FABP5|IVL|S100A7|S100A8|S100A9|NEFL|KRT5|KRT6A|KRT14|KRT15|KRT17|TGM1|SERPINB2
Drug	CID000005538	9cRA	8.68891050606018e-13	3.66639216379876e-08	3.49624380942849e-09	1.74812190471425e-08	22767	1735	195	47	Stitch	 	CDKN1A|ERBB4|MYH11|SPRR1B|SPRR3|CFTR|LAMA1|GATA4|GATA6|HNF4A|PTHLH|FABP5|IVL|ADH7|S100A8|S100A9|PROM1|NEFL|GJB5|HOXD8|KRT6C|PIGR|PIK3CA|SERPINB3|CCNA1|AKT1|ALDH3B2|KRT5|KRT6A|KRT6B|HNF1B|LIMA1|KRT13|KRT14|KRT15|KRT16|KRT17|CALML3|WNT7B|OLFM4|LGALS4|TGM1|TSPAN8|SERPINB2|CSTA|LYN|TP53
Drug	CID000128831	CK17	1.79369755187806e-12	6.30727201437199e-08	6.0145668410391e-09	3.60874010462346e-08	22767	57	195	11	Stitch	 	MYH11|GJB6|KRT5|KRT13|KRT14|KRT15|KRT16|KRT17|DSG1|CAV1|TP53
Drug	CID000002522	Divonex	3.6968935072673e-10	1.11424962526247e-05	1.06254000675301e-06	7.43778004727109e-06	22767	69	195	10	Stitch	 	ERBB4|FABP5|IVL|KRT6C|KRT6A|KRT6B|KRT14|KRT15|KRT16|TGM1
Drug	CID000011820	1-2q	5.55693447026051e-10	1.46551033227183e-05	1.39749955758964e-06	1.11799964607171e-05	22767	289	195	17	Stitch	 	HNF4A|S100A9|KRT6C|PIK3CA|KRT5|KRT6A|KRT6B|HNF1B|KRT13|KRT14|KRT15|KRT16|KRT17|DSG1|TGM1|TSPAN8|TP53
Drug	CID000006035	bromodeoxyuridine	6.69970639266599e-10	1.57056840828515e-05	1.49768214348941e-06	1.34791392914047e-05	22767	376	195	19	Stitch	 	CDKN1A|ERBB4|GJB6|PROM1|GJB1|KRT6C|PPP1R1B|TMPRSS11D|CCNA1|AKT1|KRT6A|KRT6B|HNF1B|KRT13|KRT16|DSG1|DSG3|OLFM4|TP53
Drug	CID000006624	DIMIT	1.10343057619772e-09	2.3280302030074e-05	2.2199919762522e-06	2.2199919762522e-05	22767	56	195	9	Stitch	 	FABP5|IVL|S100A7|KRT6C|KRT5|KRT6A|KRT6B|TP63|CSTA
Drug	CID005494414	olomoucine II	2.33169536167997e-09	4.47221547326793e-05	4.26467081651267e-06	4.69113789816394e-05	22767	27	195	7	Stitch	 	KRT5|KRT13|KRT14|KRT15|KRT16|KRT17|TP53
Drug	ctd:D019324	beta-Naphthoflavone	2.66861465111926e-09	4.64751792793801e-05	4.4318379100848e-06	5.36898581658685e-05	22767	829	195	27	CTD	http://ctd.mdibl.org/detail.go?view=ixn&type=chem&acc=D019324	CDKN1A|GBP6|GCNT3|REG4|SPINK1|CDHR5|ITPKB|ADH7|S100A8|PROM1|NFE2L2|DMBT1|VIL1|KRT5|CRCT1|KRT14|KRT16|SLC38A4|G0S2|ANXA8|CLDN7|SLC44A4|TFF1|SLC6A20|TSPAN8|TP53|CDH17
Drug	ctd:C088658	zoledronic acid	2.86365588901548e-09	4.64751792793801e-05	4.4318379100848e-06	5.76138928311024e-05	22767	1471	195	37	CTD	http://ctd.mdibl.org/detail.go?view=ixn&type=chem&acc=C088658	CDKN1A|DDAH1|GCNT3|SPINK1|ABCA12|SPRR2A|LAMA1|LRRK2|PTHLH|S100A2|S100A9|TUBA1B|PROM1|NEFL|GJB1|PIGR|NFE2L2|SERPINB3|PPP1R1B|TMPRSS3|AKT1|FGFBP1|PAPPA2|KRT15|BCL2L15|AGR2|OLFM4|PRR15L|CLDN3|CUBN|SLC6A20|TMPRSS2|TMC5|LYN|CTSE|CDH4|TP53
Drug	CID000072425	teleocidin B	9.17394151567396e-09	0.000133564920569479	1.27366497045426e-05	0.000184570529353845	22767	123	195	11	Stitch	 	ERBB4|KRT6C|KRT5|KRT6A|KRT6B|KRT13|KRT14|KRT15|KRT16|KRT17|TP53
Drug	CID000004792	phorbol acetate myristate	9.49598616075048e-09	0.000133564920569479	1.27366497045426e-05	0.000191049745568139	22767	1399	195	35	Stitch	 	CDKN1A|ERBB4|MYH11|SPRR1A|SPRR1B|GJB6|HNF4A|PTHLH|SBSN|RYR3|IVL|S100A8|S100A9|GJB1|KRT6C|PIGR|PIK3CA|AKT1|DMBT1|FOXN1|KRT5|KRT6A|KRT6B|KRT13|KRT14|KRT15|KRT16|KRT17|CALML3|LGALS4|TGM1|EIF4G1|SERPINB2|LYN|TP53
Drug	CID000000011	1,2-dichloroethane	1.35642114889833e-08	0.00017886203438794	1.70561481841784e-05	0.000272898370946854	22767	99	195	10	Stitch	 	SPRR1B|SPRR2A|SPRR3|PGLYRP3|S100A2|IVL|S100A7|S100A8|S100A9|REG1A
Drug	CID000003285	ethylnylestradiol	2.70261943460497e-08	0.000335412752295174	3.19847061204809e-05	0.000543740004048175	22767	1251	195	32	Stitch	 	ERBB4|SPRR2A|GJB6|CFTR|GATA4|GATA6|LRP1B|IVL|PROM1|GJB1|GJB5|KRT6C|CCNA1|AKT1|DMBT1|KRT5|KRT6A|KRT6B|LRP12|KRT13|KRT14|KRT15|KRT16|KRT17|CALML3|WNT7B|CAV1|TFF1|LGALS4|NR5A2|ST18|TP53
Drug	CID000447960	CK 6	3.33273968304324e-08	0.000376291531327315	3.58828755399801e-05	0.000670513896831471	22767	58	195	8	Stitch	 	GJB6|IVL|KRT5|KRT13|KRT14|KRT15|KRT16|KRT17
Drug	ctd:C078903	seocalcitol	3.38871034971728e-08	0.000376291531327315	3.58828755399801e-05	0.000681774635259621	22767	173	195	12	CTD	http://ctd.mdibl.org/detail.go?view=ixn&type=chem&acc=C078903	CDKN1A|PTHLH|S100A8|S100A9|NEFL|NFE2L2|SERPINB3|CCNA1|FGFBP1|DSG3|CALML3|G0S2
Drug	ctd:C412815	GW 4064	4.70157023884429e-08	0.000495971280554263	4.72954458176542e-05	0.000945908916353084	22767	438	195	18	CTD	http://ctd.mdibl.org/detail.go?view=ixn&type=chem&acc=C412815	CDKN1A|ERBB4|GBP6|CDHR2|HNF4A|ADH7|TTBK1|EPS8L3|RHCG|CRCT1|KRT17|HKDC1|MUC13|CUBN|VWCE|SLC6A20|TP53|CDH17
Drug	ctd:C015001	arsenite	5.73718506356645e-08	0.00057639892291314	5.4964964901854e-05	0.00115426426293893	22767	1723	195	38	CTD	http://ctd.mdibl.org/detail.go?view=ixn&type=chem&acc=C015001	CDKN1A|ABCA12|SPRR2A|CFTR|LAMA1|GATA4|GATA6|FOXA3|PTHLH|IVL|BNC1|NEFL|PTPRZ1|NFE2L2|PIP5K1B|AKT1|FGFBP1|KRT5|HNF1B|CRCT1|KRT13|KRT14|KRT15|CALML3|G0S2|AGR2|CLDN7|CAV1|ZNF750|TGM1|TP63|EIF4G1|NR5A2|SLITRK5|HAS3|TP53|FAM83A|LRRC17
Drug	ctd:C025319	phenyl isocyanate	7.72374478208684e-08	0.000740711061438441	7.06336460321842e-05	0.00155394021270805	22767	6	195	4	CTD	http://ctd.mdibl.org/detail.go?view=ixn&type=chem&acc=C025319	KRT5|KRT6B|KRT14|KRT16
Drug	ctd:D052638	Particulate Matter	8.21220784439105e-08	0.000753313399908151	7.18353954875234e-05	0.00165221409621304	22767	1747	195	38	CTD	http://ctd.mdibl.org/detail.go?view=ixn&type=chem&acc=D052638	CDKN1A|GCNT3|CNFN|SPRR2A|SPRR2D|SPRR2E|SPRR3|GJB6|GATA4|KCTD1|TTN|SBSN|IVL|S100A7|S100A8|S100A9|PIGR|NFE2L2|PIP5K1B|AKT1|RHCG|CRCT1|KRT13|KRT15|CALML3|G0S2|MUC16|AGR3|MUC5B|CAV1|NCCRP1|TGM1|EIF4G1|TSPAN8|SERPINB2|PRKAR1B|HYDIN|TP53
Drug	ctd:D015073	2-Acetylaminofluorene	9.60242173169959e-08	0.00084413737693867	8.04963011750268e-05	0.00193191122820064	22767	409	195	17	CTD	http://ctd.mdibl.org/detail.go?view=ixn&type=chem&acc=D015073	CDKN1A|DDAH1|SPINK1|SPRR1A|PROM1|GJB1|NFE2L2|PKP1|AKT1|KRT15|ANXA8|CLDN7|TFF1|LY6D|CSTA|LYPD3|TP53
Drug	ctd:D015474	Isotretinoin	1.00262397164457e-07	0.000846138919329547	8.06871667420687e-05	0.00201717916855172	22767	799	195	24	CTD	http://ctd.mdibl.org/detail.go?view=ixn&type=chem&acc=D015474	CDKN1A|GCNT3|SPRR1B|SPRR3|FABP5|S100A7|S100A8|S100A9|NEFL|PKP1|ALDH3B2|KRT5|KRT6A|KRT14|KRT15|KRT16|KRT17|CALML3|AGR2|TRIM31|TGM1|SERPINB2|LYN|TP53
Drug	CID000005585	antipsoriatic	1.68219090460234e-07	0.00136504047454554	0.000130169226191133	0.00338439988096945	22767	71	195	8	Stitch	 	FABP5|IVL|S100A7|KRT13|KRT15|KRT16|KRT17|CALML3
Drug	CID000004545	al-Badry	1.91664924610755e-07	0.00149329930187947	0.000142399890861935	0.00385610661824377	22767	165	195	11	Stitch	 	KRT6C|AKT1|KRT5|KRT6A|KRT6B|KRT13|KRT14|KRT15|KRT16|KRT17|HAS3
Drug	CID000107712	homocysteine thiolactone	1.98180672207077e-07	0.00149329930187947	0.000142399890861935	0.00398719694413418	22767	131	195	10	Stitch	 	KRT6C|CCNA1|KRT5|KRT6A|KRT6B|KRT13|KRT14|KRT15|KRT16|KRT17
Drug	ctd:D004237	Diuron	2.0633863724814e-07	0.00150115714017043	0.000143149208372253	0.00415132704279533	22767	1735	195	37	CTD	http://ctd.mdibl.org/detail.go?view=ixn&type=chem&acc=D004237	MYH11|DDAH1|SPRR1B|GJB6|SBSN|FABP5|IVL|ADH7|BNC1|S100A8|PROM1|NEFL|NDRG1|PIGR|PTPRZ1|NFE2L2|TOX3|FGFBP1|KRT5|KRT6B|KRT13|KRT14|KRT15|CALML3|SPSB1|G0S2|MUC16|CAV1|ZMIZ1|LGALS4|TP63|EIF4G1|TSPAN8|SERPINB2|CTSE|TMEM40|LRRC17
Drug	CID000128647	mant-GTP	2.22056454231112e-07	0.0015616573239074	0.000148918460089192	0.00446755380267575	22767	50	195	7	Stitch	 	NEFL|KRT6C|AKT1|KRT6A|KRT6B|KRT14|SYNE1
Drug	CID000002791	clobestasol propionate	2.49226850467052e-07	0.00169619872202161	0.000161748225953117	0.00501419500454662	22767	17	195	5	Stitch	 	FABP5|KRT6C|KRT6A|KRT6B|KRT16
Drug	ctd:C014464	3,4-dichloroaniline	2.74879879350355e-07	0.00181232703695485	0.000172822134145306	0.00553030829264979	22767	171	195	11	CTD	http://ctd.mdibl.org/detail.go?view=ixn&type=chem&acc=C014464	GJB6|NDRG1|PTPRZ1|NFE2L2|FGFBP1|KRT6B|MUC16|TP63|SERPINB2|CTSE|TMEM40
Drug	ctd:C079198	S 1 (combination)	2.93152207444217e-07	0.00187422974101569	0.000178725129138491	0.00589792926157021	22767	52	195	7	CTD	http://ctd.mdibl.org/detail.go?view=ixn&type=chem&acc=C079198	CDKN1A|AGR2|ANXA8|CLDN3|USH1C|TFF1|LGALS4
Drug	CID006437063	4-oxoretinoic acid	3.18440036989594e-07	0.00197602459081089	0.000188432208946872	0.00640669510419365	22767	77	195	8	Stitch	 	SPRR1B|GATA6|NEFL|KRT14|KRT15|KRT17|TGM1|SERPINB2
Drug	CID000002202	dithranol	3.42687651037846e-07	0.0020644021724961	0.000196859828226394	0.00689453285123044	22767	18	195	5	Stitch	 	KRT6C|KRT6A|KRT6B|KRT13|KRT16
Drug	CID000005602	AC1L1KPQ	3.52251792641294e-07	0.0020644021724961	0.000196859828226394	0.00708695381615019	22767	78	195	8	Stitch	 	S100A8|KRT6C|KRT6A|KRT6B|KRT14|KRT16|SYNE1|TGM1
Drug	CID000006001	DMBA	3.6880477734597e-07	0.00210299582390761	0.000200540089606043	0.00741998331542358	22767	140	195	10	Stitch	 	CDKN1A|CLDN18|AKT1|KRT5|KRT13|KRT14|KRT16|LGALS7|ST18|TP53
Drug	ctd:C014707	nitrosobenzylmethylamine	3.95152061044288e-07	0.00219393749852219	0.000209212218846054	0.00795006431615004	22767	561	195	19	CTD	http://ctd.mdibl.org/detail.go?view=ixn&type=chem&acc=C014707	CDKN1A|DDAH1|SPINK1|GJB6|ADH7|S100A8|FAT2|SERPINB3|TMPRSS11D|FGFBP1|KRT5|KRT14|KRT15|KRT17|TGM1|TP63|SERPINB2|LYPD3|TP53
Drug	CID000091605	AC1O0B8G	4.52431568066705e-07	0.00244755178374221	0.000233396685075232	0.00910247071793404	22767	262	195	13	Stitch	 	ERBB4|SPRR1B|LAMA1|IVL|AKT1|KRT5|KRT14|KRT16|KRT17|REG1A|TSPAN8|TP53|CDH17
Drug	CID000010187	cignolin	4.93703923951393e-07	0.00260405518728384	0.000248320731149452	0.00993282924597807	22767	56	195	7	Stitch	 	ERBB4|FABP5|IVL|KRT6C|KRT6A|KRT6B|KRT16
Disease	C0870082	Hyperkeratosis	5.5452601069786e-13	3.09109997758384e-08	3.33159227227274e-09	3.33159227227274e-09	19383	97	188	14	DisGeNET BeFree		ABCA12|KRT6C|PIK3CA|NFE2L2|KRT5|KRT6A|KRT13|KRT14|KRT16|DSG1|CAV1|TGM1|TP63|TP53
Disease	C0007124	Noninfiltrating Intraductal Carcinoma	4.96127252602975e-12	1.38278359338799e-07	1.49036626681934e-08	2.98073253363867e-08	19383	470	188	25	DisGeNET BeFree		CDKN1A|TRPS1|GATA4|PTHLH|S100A7|S100A8|S100A9|TUBA1B|NEFL|MUC17|PIK3CA|AKT1|KRT5|KRT14|KRT15|KRT17|OLFM4|ANXA8|CLDN7|CAV1|TP63|NR5A2|CSTA|TMPRSS2|TP53
Disease	C0004763	Barrett Esophagus	1.29720345532437e-11	2.41033813522327e-07	2.59786611986294e-08	7.79359835958881e-08	19383	450	188	24	DisGeNET BeFree		GATA6|FOXA3|HNF4A|PGC|S100A7|S100A9|PROM1|MUC17|PIK3CA|NFE2L2|PKP1|KRT5|KRT14|AGR2|TRIM31|MUC5B|CLDN7|CAV1|TFF1|TP63|CTSE|MUC6|TP53|CDH17
Disease	C0022579	Keratoderma	4.34442432009098e-11	5.02846149654577e-07	5.41968347345651e-08	2.61013013151066e-07	19383	24	188	8	DisGeNET BeFree		GJB6|KRT6C|PIK3CA|KRT6A|NIPAL4|KRT16|DSG1|TGM1
Disease	C1335302	Pancreatic Ductal Adenocarcinoma	4.51038904249044e-11	5.02846149654577e-07	5.41968347345651e-08	2.70984173672825e-07	19383	959	188	34	DisGeNET BeFree		CDKN1A|REG4|SPINK1|CFTR|GATA4|GATA6|FABP5|S100A2|S100A8|S100A9|PROM1|NDRG1|PIGR|MUC17|PIK3CA|NFE2L2|AKT1|AGR2|ANO1|MUC16|RICTOR|REG1A|CLDN7|CAV1|MUC13|TFF1|LGALS4|KMT2D|TP63|EIF4G1|SERPINB2|CSTA|CTSE|TP53
Disease	C1832097	EPIDERMAL DIFFERENTIATION COMPLEX	8.01871235549874e-11	7.44979829745044e-07	8.02940397197273e-08	4.81764238318364e-07	19383	38	188	9	DisGeNET BeFree		SPRR1A|SPRR3|PGLYRP3|IVL|S100A7|S100A9|CRCT1|ANXA8|S100A7A
Disease	C0334037	Intestinal metaplasia	1.21236404952479e-10	9.65441891945917e-07	1.04055474422071e-07	7.28388320954496e-07	19383	266	188	18	DisGeNET BeFree		CDKN1A|CLDN18|REG4|CFTR|HNF4A|PGC|S100A8|MUC17|PPP1R1B|DMBT1|VIL1|CLDN3|CLDN7|MUC13|CTSE|MUC6|TP53|CDH17
Disease	C0878500	Intraepithelial Neoplasia	4.01358874279774e-10	2.48588761363555e-06	2.67929346296987e-07	2.41136411667289e-06	19383	186	188	15	DisGeNET BeFree		CDKN1A|CLDN18|SPINK1|S100A9|PIK3CA|NFE2L2|LGALS7B|AKT1|KRT13|KRT16|CLDN7|TFF1|LGALS7|MUC6|TP53
Disease	C1301034	Pancreatic intraepithelial neoplasia	4.01358874279774e-10	2.48588761363555e-06	2.67929346296987e-07	2.41136411667289e-06	19383	186	188	15	DisGeNET BeFree		CDKN1A|CLDN18|SPINK1|GATA6|MUC17|PIK3CA|NFE2L2|FGFBP1|AGR2|REG1A|MUC13|TFF1|CTSE|MUC6|TP53
Disease	C0010278	Craniosynostosis	4.51570595273834e-10	2.51719455895643e-06	2.71303613640519e-07	2.7130361364052e-06	19383	405	188	21	DisGeNET BeFree		SPRR1B|SPRR2A|GJB6|CFTR|LRRK2|S100A7|S100A8|S100A9|GJB1|NDRG1|PIK3CA|DMBT1|DNAH5|FGFBP1|DSG3|MUC5B|CAV1|TFF1|KMT2D|TP63|CSTA
Disease	C0149782	Squamous cell carcinoma of lung	5.37395022078374e-10	2.72327866691315e-06	2.93515390240625e-07	3.22866929264687e-06	19383	586	188	25	DisGeNET BeFree		CDKN1A|LRRK2|GATA4|GATA6|GPR87|TTN|PTHLH|PROM1|PIK3CA|NFE2L2|SERPINB3|PKP1|AKT1|DNAH5|HNF1B|DSC3|DSG3|MUC16|CLDN3|CLDN7|CAV1|KMT2D|TP63|EIF4G1|TP53
Disease	C0345905	Intrahepatic Cholangiocarcinoma	8.397544662916e-10	3.90087654719626e-06	4.20437069456661e-07	5.04524483347994e-06	19383	462	188	22	DisGeNET BeFree		CDKN1A|CLDN18|ERBB4|REG4|SPINK1|LRRK2|PTHLH|FABP5|S100A7|PROM1|PIK3CA|NFE2L2|AKT1|DMBT1|ANO1|AGR3|REG1A|MUC5B|MUC13|TFF1|MUC6|TP53
Disease	C0032927	Precancerous Conditions	9.73840293816783e-10	4.1757598829577e-06	4.50064037327018e-07	5.85083248525124e-06	19383	381	188	20	DisGeNET BeFree		CDKN1A|SPINK1|GATA4|GATA6|PGC|S100A7|S100A8|S100A9|PIK3CA|NFE2L2|CCNA1|AKT1|KRT14|SYNE1|G0S2|CAV1|TFF1|TP63|TP53|CDH17
Disease	C0221260	Dystrophia unguium	1.24656738772353e-09	4.96339518527298e-06	5.34955490388782e-07	7.48937686544296e-06	19383	13	188	6	DisGeNET BeFree		TRPS1|PKP1|FOXN1|KRT6B|KRT16|KRT17
Disease	C0037286	Skin Neoplasms	3.1056557971045e-09	1.15412591169307e-05	1.24391866860026e-06	1.86587800290039e-05	19383	287	188	17	DisGeNET BeFree		CDKN1A|GATA6|S100A7|S100A8|S100A9|PROM1|PIK3CA|NFE2L2|GLI2|AKT1|KRT5|KRT15|KRT17|DSC3|ZMIZ1|KMT2D|TP53
Disease	C0037274	Dermatologic disorders	3.31811885553475e-09	1.15601397884116e-05	1.2459536302533e-06	1.99352580840528e-05	19383	544	188	23	DisGeNET BeFree		ABCA12|SPRR1B|SPRR3|GJB6|IVL|S100A7|S100A8|PIK3CA|NFE2L2|KRT5|KRT6A|KRT14|KRT16|KRT17|DSC3|DSG1|DSG3|CLDN3|CAV1|TGM1|S100A7A|TP63|TP53
Disease	C1608408	Malignant transformation	4.42550230828327e-09	1.45112485279159e-05	1.56402458048035e-06	2.65884178681659e-05	19383	1027	188	32	DisGeNET BeFree		CDKN1A|ERBB4|REG4|SPINK1|SPRR1B|SPRR2A|SPRR3|CDHR5|HNF4A|PGC|PTHLH|S100A7|S100A8|PROM1|MUC17|PIK3CA|NFE2L2|SERPINB3|PXN|PKP1|AKT1|DMBT1|HNF1B|KRT13|ANO1|MUC16|CLDN3|TFF1|CLCA2|NR5A2|TMPRSS2|TP53
Disease	C1706595	Pachyonychia Congenita, Jadassohn Lewandowsky Type	8.65600107939188e-09	2.31059252179926e-05	2.49036014552163e-06	5.20052544849865e-05	19383	4	188	4	DisGeNET Curated		KRT6A|KRT6B|KRT16|KRT17
Disease	cv:C0265334	Pachyonychia congenita syndrome	8.65600107939188e-09	2.31059252179926e-05	2.49036014552163e-06	5.20052544849865e-05	19383	4	188	4	Clinical Variations	http://www.ncbi.nlm.nih.gov/medgen?term=C0265334	KRT6A|KRT6B|KRT16|KRT17
Disease	C1721007	Pachyonychia Congenita, Type 2 (disorder)	8.65600107939188e-09	2.31059252179926e-05	2.49036014552163e-06	5.20052544849865e-05	19383	4	188	4	DisGeNET Curated		KRT6A|KRT6B|KRT16|KRT17
Disease	C0265334	Pachyonychia Congenita	8.70465430358756e-09	2.31059252179926e-05	2.49036014552163e-06	5.22975630559541e-05	19383	17	188	6	DisGeNET BeFree		KRT6C|NFE2L2|KRT6A|KRT6B|KRT16|KRT17
Disease	C1168401	Squamous cell carcinoma of the head and neck	1.59454407044326e-08	4.04021964484971e-05	4.35455489782868e-06	9.58002077522309e-05	19383	1519	188	39	DisGeNET BeFree		CDKN1A|ERBB4|SPRR2A|HNF4A|PTHLH|S100A2|IVL|ADH7|S100A7|S100A8|S100A9|PROM1|NEFL|SERPINB13|PIK3CA|NFE2L2|SERPINB3|LGALS7B|CCNA1|PXN|AKT1|RHCG|KRT5|KRT13|KRT16|KRT17|DSG3|AGR2|OLFM4|ANO1|RICTOR|CAV1|LGALS7|LY6D|TP63|SERPINB2|CSTA|LYN|TP53
Disease	C1368683	Epithelioma	1.72557886847283e-08	4.18213557615267e-05	4.50751210512382e-06	0.000103672778417848	19383	322	188	17	DisGeNET BeFree		CDKN1A|HNF4A|TTN|S100A9|PROM1|PIK3CA|PXN|AKT1|FOXN1|KRT17|MUC16|CLDN3|CAV1|SLC44A4|TP63|TMPRSS2|TP53
Disease	C4551675	Keratoderma, Palmoplantar	1.82734810208996e-08	4.24425212436504e-05	4.5744614155652e-06	0.000109787073973565	19383	48	188	8	DisGeNET BeFree		GJB6|KRT6C|NFE2L2|PKP1|KRT16|KRT17|DSC3|DSG1
Disease	C0009319	Colitis	1.99128766851446e-08	4.4003962427837e-05	4.74275378464317e-06	0.000119636563124349	19383	1094	188	32	DisGeNET BeFree		CLDN18|ERBB4|REG4|SPINK1|CFTR|LRRK2|PGLYRP3|HNF4A|S100A8|S100A9|NDRG1|PIGR|MUC17|PIK3CA|NFE2L2|AKT1|DMBT1|FOXE1|DSC3|CALML3|SYNE1|ANO1|REG1A|CLDN3|CLDN7|ZMIZ1|MUC13|SLC44A4|TP63|NR5A2|TP53|CDH17
Disease	C0010709	Cyst	2.06120110380382e-08	4.4003962427837e-05	4.74275378464317e-06	0.000123836962316533	19383	212	188	14	DisGeNET BeFree		CFTR|LAMA1|IVL|VIL1|KRT6A|KRT13|KRT17|ANO1|MUC5B|CLDN3|CLDN7|CAV1|LGALS4|TP53
Disease	C0279628	Adenocarcinoma Of Esophagus	2.13139733996946e-08	4.4003962427837e-05	4.74275378464317e-06	0.000128054352185366	19383	457	188	20	DisGeNET BeFree		CDKN1A|REG4|CFTR|GATA4|GATA6|PROM1|PIK3CA|SERPINB3|PKP1|KRT13|AGR2|TRIM31|OLFM4|MUC5B|CAV1|TFF1|EIF4G1|CTSE|TP53|CDH17
Disease	C1832661	ANOPHTHALMIA AND PULMONARY HYPOPLASIA	2.24689874177559e-08	4.46171018455837e-05	4.80883804464137e-06	0.000134993676405877	19383	1409	188	37	DisGeNET BeFree		CDKN1A|REG4|CFTR|GATA6|HNF4A|FABP5|S100A8|S100A9|PROM1|NDRG1|PIGR|MUC17|PIK3CA|NFE2L2|GLI2|AKT1|HNF1B|KRT16|KRT17|DSG3|AGR2|ANO1|MUC16|RICTOR|REG1A|CAV1|MUC13|TFF1|LGALS4|KMT2D|TP63|EIF4G1|SERPINB2|CSTA|CTSE|TP53|CDH17
Disease	C0282612	Prostatic Intraepithelial Neoplasias	2.32117681915112e-08	4.46171018455837e-05	4.80883804464137e-06	0.0001394563032946	19383	214	188	14	DisGeNET BeFree		S100A8|S100A9|NEFL|NDRG1|PIK3CA|AKT1|KRT14|AGR2|OLFM4|CLDN3|CAV1|CLCA2|TMPRSS2|TP53
Disease	C0279626	Squamous cell carcinoma of esophagus	2.86984122736281e-08	5.33246170749588e-05	5.74733536466525e-06	0.000172420060939958	19383	95	188	10	DisGeNET Curated		CDKN1A|FAT2|NFE2L2|SERPINB3|KRT13|KRT14|KRT17|FAT3|KMT2D|TP53
Disease	C0007137	Squamous cell carcinoma	3.48013973440416e-08	6.25786396558242e-05	6.74473533041943e-06	0.000209086795243002	19383	124	188	11	DisGeNET Curated		SPRR1A|IVL|PIK3CA|NFE2L2|SERPINB3|AKT1|KRT6B|KRT14|LGALS7|TP63|TP53
Disease	C0001430	Adenoma	3.90403969315029e-08	6.80072754431992e-05	7.32983452388968e-06	0.00023455470476447	19383	1126	188	32	DisGeNET BeFree		CDKN1A|MYH11|REG4|SPINK1|LAMA1|GATA4|GATA6|PGC|PTHLH|PROM1|MUC17|PIK3CA|NFE2L2|AKT1|DMBT1|HNF1B|KRT15|KRT17|SYNE1|AGR2|OLFM4|REG1A|CLDN7|CAV1|TFF1|LGALS4|TGM1|TP63|CTSE|MUC6|TP53|CDH17
Disease	C0265334	Pachyonychia Congenita	4.25403601803624e-08	7.18585339786836e-05	7.74492375647326e-06	0.000255582483963618	19383	5	188	4	DisGeNET Curated		KRT6A|KRT6B|KRT16|KRT17
Disease	C0008373	Cholesteatoma	4.46356766831818e-08	7.31803253552718e-05	7.88738663272226e-06	0.000268171145512557	19383	127	188	11	DisGeNET BeFree		ERBB4|SPRR2A|GJB6|IVL|S100A7|PIK3CA|AKT1|KRT13|KRT16|CLDN3|TP53
Disease	C0013595	Eczema	4.76597741371525e-08	7.59058181092108e-05	8.18114065760035e-06	0.000286339923016012	19383	680	188	24	DisGeNET BeFree		SPRR1A|SPRR3|SBSN|IVL|S100A7|S100A8|S100A9|NFE2L2|SERPINB3|GLI2|AKT1|KRT14|KRT16|KRT17|DSG1|SLC6A15|CLDN3|CLDN7|TGM1|TP63|CSTA|HAS3|CTSE|TP53
Disease	C0085413	Polycystic Kidney, Autosomal Dominant	6.05907048153269e-08	9.38198282473226e-05	1.01119154036246e-05	0.000364028954530484	19383	269	188	15	DisGeNET BeFree		ERBB4|CFTR|CDHR5|PROM1|PIGR|PIK3CA|NFE2L2|AKT1|KRT6B|HNF1B|KRT17|DYNC2H1|ANO1|CLDN7|TP53
Disease	C0009404	Colorectal Neoplasms	6.78390587493769e-08	0.000102204312080144	1.10155963504394e-05	0.000407577064966257	19383	589	188	22	DisGeNET BeFree		CDKN1A|ERBB4|MYO1A|SPINK1|HNF4A|S100A8|S100A9|PROM1|PIK3CA|PXN|AKT1|HNF1B|OLFM4|REG1A|CLDN7|CAV1|MUC13|TFF1|TP63|NR5A2|TP53|CDH17
Disease	C0007114	Malignant neoplasm of skin	9.80463221816067e-08	0.000140138618018109	1.51041616324896e-05	0.000589062303667094	19383	59	188	8	DisGeNET Curated		ERBB4|IVL|GJB5|NFE2L2|GLI2|AKT1|KRT17|TP53
Disease	C0037286	Skin Neoplasms	9.80463221816067e-08	0.000140138618018109	1.51041616324896e-05	0.000589062303667094	19383	59	188	8	DisGeNET Curated		ERBB4|IVL|GJB5|NFE2L2|GLI2|AKT1|KRT17|TP53
Disease	C4511687	Pancreatic Intraductal Papillary Mucinous Neoplasm	1.23434833863821e-07	0.000172016012246816	1.8539912046346e-05	0.00074159648185384	19383	84	188	9	DisGeNET BeFree		REG4|S100A2|PIK3CA|AKT1|DMBT1|AGR2|MUC13|MUC6|TP53
